#
# There is insufficient memory for the Java Runtime Environment to continue.
# Native memory allocation (mmap) failed to map 65536 bytes. Error detail: Failed to commit metaspace.
# Possible reasons:
#   The system is out of physical RAM or swap space
#   This process is running with CompressedOops enabled, and the Java Heap may be blocking the growth of the native heap
# Possible solutions:
#   Reduce memory load on the system
#   Increase physical memory or swap space
#   Check if swap backing store is full
#   Decrease Java heap size (-Xmx/-Xms)
#   Decrease number of Java threads
#   Decrease Java thread stack sizes (-Xss)
#   Set larger code cache with -XX:ReservedCodeCacheSize=
#   JVM is running with Unscaled Compressed Oops mode in which the Java heap is
#     placed in the first 4GB address space. The Java Heap base address is the
#     maximum limit for the native heap growth. Please use -XX:HeapBaseMinAddress
#     to set the Java Heap base and to place the Java Heap above 4GB virtual address.
# This output file may be truncated or incomplete.
#
#  Out of Memory Error (virtualSpaceNode.cpp:113), pid=21984, tid=8868
#
# JRE version: OpenJDK Runtime Environment (25.0.2) (build 25.0.2+-15348964-b329.117)
# Java VM: OpenJDK 64-Bit Server VM (25.0.2+-15348964-b329.117, mixed mode, tiered, compressed oops, compressed class ptrs, g1 gc, windows-amd64)
# No core dump will be written. Minidumps are not enabled by default on client versions of Windows
#

---------------  S U M M A R Y ------------

Command Line: --add-opens=java.base/java.lang=ALL-UNNAMED --add-opens=java.base/java.lang.invoke=ALL-UNNAMED --add-opens=java.base/java.util=ALL-UNNAMED --add-opens=java.prefs/java.util.prefs=ALL-UNNAMED --add-exports=jdk.compiler/com.sun.tools.javac.api=ALL-UNNAMED --add-exports=jdk.compiler/com.sun.tools.javac.util=ALL-UNNAMED --add-opens=java.base/java.nio.charset=ALL-UNNAMED --add-opens=java.base/java.net=ALL-UNNAMED --add-opens=java.base/java.util.concurrent=ALL-UNNAMED --add-opens=java.base/java.util.concurrent.atomic=ALL-UNNAMED --add-opens=java.xml/javax.xml.namespace=ALL-UNNAMED --add-opens=java.base/java.time=ALL-UNNAMED --enable-native-access=ALL-UNNAMED -Xmx2048m -Dfile.encoding=UTF-8 -Duser.country=US -Duser.language=en -Duser.variant -javaagent:C:\Users\Admin\.gradle\wrapper\dists\gradle-9.5.0-bin\bvnork1r7n8i6kp5cnkibsc9q\gradle-9.5.0\lib\agents\gradle-instrumentation-agent-9.5.0.jar org.gradle.launcher.daemon.bootstrap.GradleDaemon 9.5.0

Host: Intel(R) Core(TM) i5-9400 CPU @ 2.90GHz, 6 cores, 15G,  Windows 11 , 64 bit Build 22621 (10.0.22621.3371)
Time: Tue Aug 11 17:23:31 2026 SE Asia Standard Time elapsed time: 44.448213 seconds (0d 0h 0m 44s)

---------------  T H R E A D  ---------------

Current thread (0x0000016a21cb6810):  JavaThread "Daemon worker"        [_thread_in_vm, id=8868, stack(0x000000629c600000,0x000000629c700000) (1024K)]

Stack: [0x000000629c600000,0x000000629c700000]
Native frames: (J=compiled Java code, j=interpreted, Vv=VM code, C=native code)
V  [jvm.dll+0x7bd439]  (no source info available)
V  [jvm.dll+0x78763d]  (no source info available)
V  [jvm.dll+0xa0c885]  (no source info available)
V  [jvm.dll+0xa0ef04]  (no source info available)
V  [jvm.dll+0xa0f603]  (no source info available)
V  [jvm.dll+0x309bf6]  (no source info available)
V  [jvm.dll+0xa0898e]  (no source info available)
V  [jvm.dll+0x752515]  (no source info available)
V  [jvm.dll+0x264491]  (no source info available)
V  [jvm.dll+0x26425e]  (no source info available)
V  [jvm.dll+0x755069]  (no source info available)
V  [jvm.dll+0x754c48]  (no source info available)
V  [jvm.dll+0x2a816c]  (no source info available)
V  [jvm.dll+0x752f5e]  (no source info available)
V  [jvm.dll+0x766bba]  (no source info available)
V  [jvm.dll+0x75f469]  (no source info available)
V  [jvm.dll+0x2c9565]  (no source info available)
V  [jvm.dll+0x2c9706]  (no source info available)
V  [jvm.dll+0x47fa0c]  (no source info available)
V  [jvm.dll+0x47f7fd]  (no source info available)
C  0x0000016a0eb5c12a  (no source info available)

The last pc belongs to method entry point (kind = zerolocals) (printed below).
Java frames: (J=compiled Java code, j=interpreted, Vv=VM code)
j  org.gradle.api.reflect.TypeOf.isWildcard()Z+0
j  org.gradle.kotlin.dsl.accessors.KotlinTypeStringsKt.kotlinTypeStringFor(Lorg/gradle/api/reflect/TypeOf;)Ljava/lang/String;+126
j  org.gradle.kotlin.dsl.accessors.SchemaType.<init>(Lorg/gradle/api/reflect/TypeOf;)V+20
j  org.gradle.kotlin.dsl.provider.plugins.DefaultProjectSchemaProvider$schemaFor$2$2.invoke(Lorg/gradle/api/reflect/TypeOf;)Lorg/gradle/kotlin/dsl/accessors/SchemaType;+11
j  org.gradle.kotlin.dsl.provider.plugins.DefaultProjectSchemaProvider$schemaFor$2$2.invoke(Ljava/lang/Object;)Ljava/lang/Object;+5
j  org.gradle.kotlin.dsl.accessors.ProjectSchemaEntry.map(Lkotlin/jvm/functions/Function1;)Lorg/gradle/kotlin/dsl/accessors/ProjectSchemaEntry;+29
j  org.gradle.kotlin.dsl.accessors.ProjectSchema.map(Lkotlin/jvm/functions/Function1;)Lorg/gradle/kotlin/dsl/accessors/ProjectSchema;+187
j  org.gradle.kotlin.dsl.provider.plugins.DefaultProjectSchemaProvider.schemaFor(Ljava/lang/Object;Lorg/gradle/api/internal/initialization/ClassLoaderScope;)Lorg/gradle/kotlin/dsl/accessors/ProjectSchema;+203
j  org.gradle.kotlin.dsl.accessors.ProjectAccessorsClassPathGenerator.configuredProjectSchemaOf(Ljava/lang/Object;Lorg/gradle/api/internal/initialization/ClassLoaderScope;)Lorg/gradle/kotlin/dsl/accessors/ProjectSchema;+32
j  org.gradle.kotlin.dsl.accessors.ProjectAccessorsClassPathGenerator.projectAccessorsClassPath(Lorg/gradle/api/plugins/ExtensionAware;Lorg/gradle/internal/classpath/ClassPath;)Lorg/gradle/kotlin/dsl/accessors/AccessorsClassPath;+32
j  org.gradle.kotlin.dsl.tooling.builders.KotlinBuildScriptModelBuilderKt.accessorsClassPathOf(Lorg/gradle/api/internal/project/ProjectInternal;Lorg/gradle/internal/classpath/ClassPath;)Lorg/gradle/kotlin/dsl/accessors/AccessorsClassPath;+178
j  org.gradle.kotlin.dsl.tooling.builders.KotlinBuildScriptModelBuilderKt.projectScriptModelBuilder$lambda$0(Lorg/gradle/api/internal/project/ProjectInternal;Lorg/gradle/internal/classpath/ClassPath;)Lorg/gradle/kotlin/dsl/accessors/AccessorsClassPath;+9
j  org.gradle.kotlin.dsl.tooling.builders.KotlinBuildScriptModelBuilderKt$$Lambda+0x000000003618c908.invoke(Ljava/lang/Object;)Ljava/lang/Object;+8
j  org.gradle.kotlin.dsl.tooling.builders.KotlinScriptTargetModelBuilder.buildModel()Lorg/gradle/kotlin/dsl/tooling/models/KotlinBuildScriptModel;+74
j  org.gradle.kotlin.dsl.tooling.builders.KotlinBuildScriptModelBuilder.kotlinBuildScriptModelFor$kotlin_dsl_tooling_builders(Lorg/gradle/api/Project;Lorg/gradle/kotlin/dsl/tooling/builders/KotlinBuildScriptModelParameter;)Lorg/gradle/kotlin/dsl/tooling/models/KotlinBuildScriptModel;+21
j  org.gradle.kotlin.dsl.tooling.builders.KotlinDslScriptsModelBuilder.buildScriptModel(Lorg/gradle/api/Project;Ljava/io/File;Lorg/gradle/kotlin/dsl/tooling/builders/KotlinDslScriptsParameter;)Lorg/gradle/kotlin/dsl/tooling/builders/StandardKotlinDslScriptModel;+20
j  org.gradle.kotlin.dsl.tooling.builders.KotlinDslScriptsModelBuilder.buildFor(Lorg/gradle/kotlin/dsl/tooling/builders/KotlinDslScriptsParameter;Lorg/gradle/api/Project;)Lorg/gradle/tooling/model/kotlin/dsl/KotlinDslScriptsModel;+115
j  org.gradle.kotlin.dsl.tooling.builders.AbstractKotlinDslScriptsModelBuilder$buildAll$1.create()Lorg/gradle/tooling/model/kotlin/dsl/KotlinDslScriptsModel;+12
j  org.gradle.kotlin.dsl.tooling.builders.AbstractKotlinDslScriptsModelBuilder$buildAll$1.create()Ljava/lang/Object;+1
j  org.gradle.internal.resources.AbstractResourceLockRegistry.allowUncontrolledAccessToAnyResource(Lorg/gradle/internal/Factory;)Ljava/lang/Object;+17
j  org.gradle.internal.work.DefaultWorkerLeaseService.allowUncontrolledAccessToAnyProject(Lorg/gradle/internal/Factory;)Ljava/lang/Object;+8
j  org.gradle.kotlin.dsl.tooling.builders.AbstractKotlinDslScriptsModelBuilder.buildAll(Ljava/lang/String;Lorg/gradle/api/Project;)Lorg/gradle/tooling/model/kotlin/dsl/KotlinDslScriptsModel;+55
j  org.gradle.kotlin.dsl.tooling.builders.AbstractKotlinDslScriptsModelBuilder.buildAll(Ljava/lang/String;Lorg/gradle/api/Project;)Ljava/lang/Object;+3
j  org.gradle.tooling.provider.model.internal.DefaultToolingModelBuilderRegistry$BuilderWithNoParameter.build(Ljava/lang/Object;)Ljava/lang/Object;+26
j  org.gradle.tooling.provider.model.internal.DefaultToolingModelBuilderRegistry$UserCodeAssigningBuilder.lambda$build$0(Ljava/lang/Object;)Ljava/lang/Object;+5
j  org.gradle.tooling.provider.model.internal.DefaultToolingModelBuilderRegistry$UserCodeAssigningBuilder$$Lambda+0x00000000360b9938.get()Ljava/lang/Object;+8
j  org.gradle.internal.code.DefaultUserCodeApplicationContext$CurrentApplication.reapply(Ljava/util/function/Supplier;)Ljava/lang/Object;+26
j  org.gradle.tooling.provider.model.internal.DefaultToolingModelBuilderRegistry$UserCodeAssigningBuilder.build(Ljava/lang/Object;)Ljava/lang/Object;+11
j  org.gradle.tooling.provider.model.internal.DefaultToolingModelBuilderRegistry$LockProjectStateBuilder.lambda$build$0(Ljava/lang/Object;)Ljava/lang/Object;+5
j  org.gradle.tooling.provider.model.internal.DefaultToolingModelBuilderRegistry$LockProjectStateBuilder$$Lambda+0x00000000360b96d0.get()Ljava/lang/Object;+8
j  org.gradle.api.internal.project.DefaultProjectStateRegistry$ProjectStateImpl$$Lambda+0x0000000035bdc768.create()Ljava/lang/Object;+4
j  org.gradle.internal.work.DefaultWorkerLeaseService.lambda$withLocksAcquired$0(Lorg/gradle/internal/Factory;Ljava/util/Collection;)Ljava/lang/Object;+1
j  org.gradle.internal.work.DefaultWorkerLeaseService$$Lambda+0x0000000035405510.create()Ljava/lang/Object;+12
j  org.gradle.internal.work.ResourceLockStatistics$1.measure(Ljava/lang/String;Ljava/lang/Iterable;Lorg/gradle/internal/Factory;)Ljava/lang/Object;+1
j  org.gradle.internal.work.DefaultWorkerLeaseService.withLocksAcquired(Ljava/util/Collection;Lorg/gradle/internal/Factory;)Ljava/lang/Object;+21
j  org.gradle.internal.work.DefaultWorkerLeaseService.lambda$withReplacedLocks$4(Lorg/gradle/internal/resources/ResourceLock;Lorg/gradle/internal/Factory;)Ljava/lang/Object;+6
j  org.gradle.internal.work.DefaultWorkerLeaseService$$Lambda+0x0000000035bdc9d0.create()Ljava/lang/Object;+12
j  org.gradle.internal.work.DefaultWorkerLeaseService.withoutLocks(Ljava/util/Collection;Lorg/gradle/internal/Factory;)Ljava/lang/Object;+10
j  org.gradle.internal.work.DefaultWorkerLeaseService.withReplacedLocks(Ljava/util/Collection;Lorg/gradle/internal/resources/ResourceLock;Lorg/gradle/internal/Factory;)Ljava/lang/Object;+27
j  org.gradle.api.internal.project.DefaultProjectStateRegistry$ProjectStateImpl.runWithModelLock(Ljava/util/function/Supplier;)Ljava/lang/Object;+129
j  org.gradle.tooling.provider.model.internal.DefaultToolingModelBuilderRegistry$LockProjectStateBuilder.build(Ljava/lang/Object;)Ljava/lang/Object;+11
j  org.gradle.tooling.provider.model.internal.DefaultToolingModelBuilderRegistry$BuildOperationWrappingBuilder$1.call(Lorg/gradle/internal/operations/BuildOperationContext;)Ljava/lang/Object;+11
J 9069 c1 org.gradle.internal.operations.DefaultBuildOperationRunner$CallableBuildOperationWorker.execute(Lorg/gradle/internal/operations/BuildOperation;Lorg/gradle/internal/operations/BuildOperationContext;)V (10 bytes) @ 0x0000016a0817ac24 [0x0000016a0817aa00+0x0000000000000224]
J 9001 c1 org.gradle.internal.operations.DefaultBuildOperationRunner$2.execute(Lorg/gradle/internal/operations/BuildOperationDescriptor;Lorg/gradle/internal/operations/BuildOperationState;Lorg/gradle/internal/operations/BuildOperationState;Lorg/gradle/internal/operations/DefaultBuildOperationRunner$ReadableBuildOperationContext;Lorg/gradle/internal/operations/DefaultBuildOperationRunner$BuildOperationExecutionListener;)Lorg/gradle/internal/operations/BuildOperation; (110 bytes) @ 0x0000016a081647e4 [0x0000016a08164600+0x00000000000001e4]
J 8764 c1 org.gradle.internal.operations.DefaultBuildOperationRunner$2.execute(Lorg/gradle/internal/operations/BuildOperationDescriptor;Lorg/gradle/internal/operations/BuildOperationState;Lorg/gradle/internal/operations/BuildOperationState;Lorg/gradle/internal/operations/DefaultBuildOperationRunner$ReadableBuildOperationContext;Lorg/gradle/internal/operations/DefaultBuildOperationRunner$BuildOperationExecutionListener;)Ljava/lang/Object; (12 bytes) @ 0x0000016a081004fc [0x0000016a08100480+0x000000000000007c]
J 8609 c1 org.gradle.internal.operations.DefaultBuildOperationRunner.execute(Lorg/gradle/internal/operations/BuildOperationDescriptor$Builder;Lorg/gradle/internal/operations/DefaultBuildOperationRunner$BuildOperationExecution;)Ljava/lang/Object; (147 bytes) @ 0x0000016a080c561c [0x0000016a080c4700+0x0000000000000f1c]
J 8761 c1 org.gradle.internal.operations.DefaultBuildOperationRunner.execute(Lorg/gradle/internal/operations/BuildOperation;Lorg/gradle/internal/operations/BuildOperationWorker;)V (22 bytes) @ 0x0000016a080ff58c [0x0000016a080ff300+0x000000000000028c]
J 8874 c1 org.gradle.internal.operations.DefaultBuildOperationRunner.call(Lorg/gradle/internal/operations/CallableBuildOperation;)Ljava/lang/Object; (20 bytes) @ 0x0000016a0812ff94 [0x0000016a0812fe00+0x0000000000000194]
j  org.gradle.tooling.provider.model.internal.DefaultToolingModelBuilderRegistry$BuildOperationWrappingBuilder.build(Ljava/lang/Object;)Ljava/lang/Object;+13
j  org.gradle.internal.build.DefaultBuildToolingModelController$AbstractToolingScope.buildModelWithParameter(Lorg/gradle/tooling/provider/model/internal/ToolingModelParameterCarrier;)Ljava/lang/Object;+11
j  org.gradle.internal.build.DefaultBuildToolingModelController$AbstractToolingScope.getModel(Lorg/gradle/internal/buildtree/ToolingModelRequestContext;Lorg/gradle/tooling/provider/model/internal/ToolingModelParameterCarrier;)Lorg/gradle/tooling/provider/model/internal/ToolingModelBuilderResultInternal;+2
j  org.gradle.internal.buildtree.DefaultBuildTreeModelCreator$DefaultBuildTreeModelController$1.call(Lorg/gradle/internal/operations/BuildOperationContext;)Lorg/gradle/tooling/provider/model/internal/ToolingModelBuilderResultInternal;+58
j  org.gradle.internal.buildtree.DefaultBuildTreeModelCreator$DefaultBuildTreeModelController$1.call(Lorg/gradle/internal/operations/BuildOperationContext;)Ljava/lang/Object;+2
J 9069 c1 org.gradle.internal.operations.DefaultBuildOperationRunner$CallableBuildOperationWorker.execute(Lorg/gradle/internal/operations/BuildOperation;Lorg/gradle/internal/operations/BuildOperationContext;)V (10 bytes) @ 0x0000016a0817ac24 [0x0000016a0817aa00+0x0000000000000224]
J 9001 c1 org.gradle.internal.operations.DefaultBuildOperationRunner$2.execute(Lorg/gradle/internal/operations/BuildOperationDescriptor;Lorg/gradle/internal/operations/BuildOperationState;Lorg/gradle/internal/operations/BuildOperationState;Lorg/gradle/internal/operations/DefaultBuildOperationRunner$ReadableBuildOperationContext;Lorg/gradle/internal/operations/DefaultBuildOperationRunner$BuildOperationExecutionListener;)Lorg/gradle/internal/operations/BuildOperation; (110 bytes) @ 0x0000016a081647e4 [0x0000016a08164600+0x00000000000001e4]
J 8764 c1 org.gradle.internal.operations.DefaultBuildOperationRunner$2.execute(Lorg/gradle/internal/operations/BuildOperationDescriptor;Lorg/gradle/internal/operations/BuildOperationState;Lorg/gradle/internal/operations/BuildOperationState;Lorg/gradle/internal/operations/DefaultBuildOperationRunner$ReadableBuildOperationContext;Lorg/gradle/internal/operations/DefaultBuildOperationRunner$BuildOperationExecutionListener;)Ljava/lang/Object; (12 bytes) @ 0x0000016a081004fc [0x0000016a08100480+0x000000000000007c]
J 8609 c1 org.gradle.internal.operations.DefaultBuildOperationRunner.execute(Lorg/gradle/internal/operations/BuildOperationDescriptor$Builder;Lorg/gradle/internal/operations/DefaultBuildOperationRunner$BuildOperationExecution;)Ljava/lang/Object; (147 bytes) @ 0x0000016a080c561c [0x0000016a080c4700+0x0000000000000f1c]
J 8761 c1 org.gradle.internal.operations.DefaultBuildOperationRunner.execute(Lorg/gradle/internal/operations/BuildOperation;Lorg/gradle/internal/operations/BuildOperationWorker;)V (22 bytes) @ 0x0000016a080ff58c [0x0000016a080ff300+0x000000000000028c]
J 8874 c1 org.gradle.internal.operations.DefaultBuildOperationRunner.call(Lorg/gradle/internal/operations/CallableBuildOperation;)Ljava/lang/Object; (20 bytes) @ 0x0000016a0812ff94 [0x0000016a0812fe00+0x0000000000000194]
j  org.gradle.internal.buildtree.DefaultBuildTreeModelCreator$DefaultBuildTreeModelController.getModel(Lorg/gradle/internal/buildtree/BuildTreeModelTarget;Lorg/gradle/internal/buildtree/ToolingModelRequestContext;)Lorg/gradle/tooling/provider/model/internal/ToolingModelBuilderResultInternal;+17
j  org.gradle.tooling.internal.provider.runner.DefaultBuildController.doGetModel(Ljava/lang/Object;Lorg/gradle/internal/buildtree/ToolingModelRequestContext;)Lorg/gradle/tooling/provider/model/internal/ToolingModelBuilderResultInternal;+51
j  org.gradle.tooling.internal.provider.runner.DefaultBuildController.getModel(Ljava/lang/Object;Lorg/gradle/tooling/internal/protocol/ModelIdentifier;Ljava/lang/Object;)Lorg/gradle/tooling/internal/protocol/BuildResult;+17
j  org.gradle.tooling.internal.consumer.connection.ParameterAwareBuildControllerAdapter.getModel(Ljava/lang/Object;Lorg/gradle/tooling/internal/protocol/ModelIdentifier;Ljava/lang/Object;)Lorg/gradle/tooling/internal/protocol/BuildResult;+7
j  org.gradle.tooling.internal.consumer.connection.UnparameterizedBuildController.getModel(Lorg/gradle/tooling/model/Model;Ljava/lang/Class;Ljava/lang/Class;Lorg/gradle/api/Action;)Ljava/lang/Object;+29
j  org.gradle.tooling.internal.consumer.connection.NestedActionAwareBuildControllerAdapter.getModel(Lorg/gradle/tooling/model/Model;Ljava/lang/Class;Ljava/lang/Class;Lorg/gradle/api/Action;)Ljava/lang/Object;+6
j  org.gradle.tooling.internal.consumer.connection.UnparameterizedBuildController.findModel(Lorg/gradle/tooling/model/Model;Ljava/lang/Class;Ljava/lang/Class;Lorg/gradle/api/Action;)Ljava/lang/Object;+6
j  org.gradle.tooling.internal.consumer.connection.NestedActionAwareBuildControllerAdapter.findModel(Lorg/gradle/tooling/model/Model;Ljava/lang/Class;Ljava/lang/Class;Lorg/gradle/api/Action;)Ljava/lang/Object;+6
j  org.gradle.tooling.internal.consumer.connection.UnparameterizedBuildController.findModel(Lorg/gradle/tooling/model/Model;Ljava/lang/Class;)Ljava/lang/Object;+5
j  org.gradle.tooling.internal.consumer.connection.NestedActionAwareBuildControllerAdapter.findModel(Lorg/gradle/tooling/model/Model;Ljava/lang/Class;)Ljava/lang/Object;+3
j  org.jetbrains.plugins.gradle.model.DefaultBuildController.findModel(Lorg/gradle/tooling/model/Model;Ljava/lang/Class;)Ljava/lang/Object;+20
j  org.jetbrains.kotlin.idea.gradleTooling.KotlinDslScriptModelProvider.populateModels(Lorg/gradle/tooling/BuildController;Ljava/util/Collection;Lorg/jetbrains/plugins/gradle/model/ProjectImportModelProvider$GradleModelConsumer;)V+187
j  com.intellij.gradle.toolingExtension.impl.modelAction.GradleModelFetchAction.lambda$populateModels$12(Lorg/jetbrains/plugins/gradle/model/ProjectImportModelProvider;Lorg/gradle/tooling/BuildController;Ljava/util/Collection;Lorg/jetbrains/plugins/gradle/model/ProjectImportModelProvider$GradleModelConsumer;Lio/opentelemetry/api/trace/Span;)V+4
j  com.intellij.gradle.toolingExtension.impl.modelAction.GradleModelFetchAction$$Lambda+0x00000000360d73b8.accept(Ljava/lang/Object;)V+20
j  com.intellij.gradle.toolingExtension.impl.telemetry.GradleOpenTelemetry.lambda$runWithSpan$2(Ljava/util/function/Consumer;Lio/opentelemetry/api/trace/Span;)Ljava/lang/Object;+2
j  com.intellij.gradle.toolingExtension.impl.telemetry.GradleOpenTelemetry$$Lambda+0x00000000360d5290.apply(Ljava/lang/Object;)Ljava/lang/Object;+8
j  com.intellij.gradle.toolingExtension.impl.telemetry.GradleOpenTelemetry.callWithSpan(Ljava/lang/String;Ljava/util/function/Consumer;Ljava/util/function/Function;)Ljava/lang/Object;+66
j  com.intellij.gradle.toolingExtension.impl.telemetry.GradleOpenTelemetry.lambda$callWithSpan$1(Ljava/lang/String;Ljava/util/function/Function;Lcom/intellij/gradle/toolingExtension/impl/telemetry/GradleOpenTelemetry;)Ljava/lang/Object;+8
j  com.intellij.gradle.toolingExtension.impl.telemetry.GradleOpenTelemetry$$Lambda+0x00000000355e2e70.apply(Ljava/lang/Object;)Ljava/lang/Object;+12
j  com.intellij.gradle.toolingExtension.impl.telemetry.GradleOpenTelemetry.withOpenTelemetry(Ljava/util/function/Function;)Ljava/lang/Object;+19
j  com.intellij.gradle.toolingExtension.impl.telemetry.GradleOpenTelemetry.callWithSpan(Ljava/lang/String;Ljava/util/function/Function;)Ljava/lang/Object;+23
j  com.intellij.gradle.toolingExtension.impl.telemetry.GradleOpenTelemetry.runWithSpan(Ljava/lang/String;Ljava/util/function/Consumer;)V+23
j  com.intellij.gradle.toolingExtension.impl.modelAction.GradleModelFetchAction.populateModels(Lorg/gradle/tooling/BuildController;Lorg/jetbrains/plugins/gradle/model/ProjectImportModelProvider$GradleModelConsumer;Ljava/util/Collection;Ljava/util/Collection;)V+83
j  com.intellij.gradle.toolingExtension.impl.modelAction.GradleModelFetchAction.lambda$executeAction$10(Lcom/intellij/gradle/toolingExtension/modelAction/GradleModelFetchPhase;Lorg/gradle/tooling/BuildController;Lorg/jetbrains/plugins/gradle/model/ProjectImportModelProvider$GradleModelConsumer;Ljava/util/Collection;Lcom/intellij/gradle/toolingExtension/impl/modelAction/GradleDaemonModelHolder;Lio/opentelemetry/api/trace/Span;)V+24
j  com.intellij.gradle.toolingExtension.impl.modelAction.GradleModelFetchAction$$Lambda+0x00000000360d7140.accept(Ljava/lang/Object;)V+28
j  com.intellij.gradle.toolingExtension.impl.telemetry.GradleOpenTelemetry.lambda$runWithSpan$2(Ljava/util/function/Consumer;Lio/opentelemetry/api/trace/Span;)Ljava/lang/Object;+2
j  com.intellij.gradle.toolingExtension.impl.telemetry.GradleOpenTelemetry$$Lambda+0x00000000360d5290.apply(Ljava/lang/Object;)Ljava/lang/Object;+8
j  com.intellij.gradle.toolingExtension.impl.telemetry.GradleOpenTelemetry.callWithSpan(Ljava/lang/String;Ljava/util/function/Consumer;Ljava/util/function/Function;)Ljava/lang/Object;+66
j  com.intellij.gradle.toolingExtension.impl.telemetry.GradleOpenTelemetry.lambda$callWithSpan$1(Ljava/lang/String;Ljava/util/function/Function;Lcom/intellij/gradle/toolingExtension/impl/telemetry/GradleOpenTelemetry;)Ljava/lang/Object;+8
j  com.intellij.gradle.toolingExtension.impl.telemetry.GradleOpenTelemetry$$Lambda+0x00000000355e2e70.apply(Ljava/lang/Object;)Ljava/lang/Object;+12
j  com.intellij.gradle.toolingExtension.impl.telemetry.GradleOpenTelemetry.withOpenTelemetry(Ljava/util/function/Function;)Ljava/lang/Object;+19
j  com.intellij.gradle.toolingExtension.impl.telemetry.GradleOpenTelemetry.callWithSpan(Ljava/lang/String;Ljava/util/function/Function;)Ljava/lang/Object;+23
j  com.intellij.gradle.toolingExtension.impl.telemetry.GradleOpenTelemetry.runWithSpan(Ljava/lang/String;Ljava/util/function/Consumer;)V+23
j  com.intellij.gradle.toolingExtension.impl.modelAction.GradleModelFetchAction.lambda$executeAction$11(Lorg/gradle/tooling/BuildController;Lorg/jetbrains/plugins/gradle/model/ProjectImportModelProvider$GradleModelConsumer;Ljava/util/Collection;Lcom/intellij/gradle/toolingExtension/impl/modelAction/GradleDaemonModelHolder;Lcom/intellij/gradle/toolingExtension/modelAction/GradleModelFetchPhase;)V+39
j  com.intellij.gradle.toolingExtension.impl.modelAction.GradleModelFetchAction$$Lambda+0x00000000360d6ec8.accept(Ljava/lang/Object;)V+24
j  java.util.ArrayList.forEach(Ljava/util/function/Consumer;)V+46 java.base@25.0.2
j  com.intellij.gradle.toolingExtension.impl.modelAction.GradleModelFetchAction.executeAction(Lorg/gradle/tooling/BuildController;Ljava/util/concurrent/ExecutorService;Lcom/intellij/gradle/toolingExtension/impl/modelAction/GradleDaemonModelHolder;)V+64
j  com.intellij.gradle.toolingExtension.impl.modelAction.GradleModelFetchAction.lambda$doExecute$4(Lorg/gradle/tooling/BuildController;Ljava/util/concurrent/ExecutorService;Lio/opentelemetry/api/trace/Span;)V+7
j  com.intellij.gradle.toolingExtension.impl.modelAction.GradleModelFetchAction$$Lambda+0x00000000360d5018.accept(Ljava/lang/Object;)V+16
j  com.intellij.gradle.toolingExtension.impl.telemetry.GradleOpenTelemetry.lambda$runWithSpan$2(Ljava/util/function/Consumer;Lio/opentelemetry/api/trace/Span;)Ljava/lang/Object;+2
j  com.intellij.gradle.toolingExtension.impl.telemetry.GradleOpenTelemetry$$Lambda+0x00000000360d5290.apply(Ljava/lang/Object;)Ljava/lang/Object;+8
j  com.intellij.gradle.toolingExtension.impl.telemetry.GradleOpenTelemetry.callWithSpan(Ljava/lang/String;Ljava/util/function/Consumer;Ljava/util/function/Function;)Ljava/lang/Object;+66
j  com.intellij.gradle.toolingExtension.impl.telemetry.GradleOpenTelemetry.lambda$callWithSpan$1(Ljava/lang/String;Ljava/util/function/Function;Lcom/intellij/gradle/toolingExtension/impl/telemetry/GradleOpenTelemetry;)Ljava/lang/Object;+8
j  com.intellij.gradle.toolingExtension.impl.telemetry.GradleOpenTelemetry$$Lambda+0x00000000355e2e70.apply(Ljava/lang/Object;)Ljava/lang/Object;+12
j  com.intellij.gradle.toolingExtension.impl.telemetry.GradleOpenTelemetry.withOpenTelemetry(Ljava/util/function/Function;)Ljava/lang/Object;+19
j  com.intellij.gradle.toolingExtension.impl.telemetry.GradleOpenTelemetry.callWithSpan(Ljava/lang/String;Ljava/util/function/Function;)Ljava/lang/Object;+23
j  com.intellij.gradle.toolingExtension.impl.telemetry.GradleOpenTelemetry.runWithSpan(Ljava/lang/String;Ljava/util/function/Consumer;)V+23
j  com.intellij.gradle.toolingExtension.impl.modelAction.GradleModelFetchAction.doExecute(Lorg/gradle/tooling/BuildController;Ljava/util/concurrent/ExecutorService;)Lcom/intellij/gradle/toolingExtension/impl/modelAction/GradleModelHolderState;+106
j  com.intellij.gradle.toolingExtension.impl.modelAction.GradleModelFetchAction.lambda$execute$1(Lorg/gradle/tooling/BuildController;Ljava/util/concurrent/ExecutorService;Lio/opentelemetry/api/trace/Span;)Lcom/intellij/gradle/toolingExtension/impl/modelAction/GradleModelHolderState;+3
j  com.intellij.gradle.toolingExtension.impl.modelAction.GradleModelFetchAction$$Lambda+0x00000000355e2998.apply(Ljava/lang/Object;)Ljava/lang/Object;+16
j  com.intellij.gradle.toolingExtension.impl.telemetry.GradleOpenTelemetry.callWithSpan(Ljava/lang/String;Ljava/util/function/Consumer;Ljava/util/function/Function;)Ljava/lang/Object;+66
j  com.intellij.gradle.toolingExtension.impl.telemetry.GradleOpenTelemetry.lambda$callWithSpan$1(Ljava/lang/String;Ljava/util/function/Function;Lcom/intellij/gradle/toolingExtension/impl/telemetry/GradleOpenTelemetry;)Ljava/lang/Object;+8
j  com.intellij.gradle.toolingExtension.impl.telemetry.GradleOpenTelemetry$$Lambda+0x00000000355e2e70.apply(Ljava/lang/Object;)Ljava/lang/Object;+12
j  com.intellij.gradle.toolingExtension.impl.telemetry.GradleOpenTelemetry.withOpenTelemetry(Ljava/util/function/Function;)Ljava/lang/Object;+19
j  com.intellij.gradle.toolingExtension.impl.telemetry.GradleOpenTelemetry.callWithSpan(Ljava/lang/String;Ljava/util/function/Function;)Ljava/lang/Object;+23
j  com.intellij.gradle.toolingExtension.impl.modelAction.GradleModelFetchAction.lambda$execute$2(Lorg/gradle/tooling/BuildController;Ljava/util/concurrent/ExecutorService;)Lcom/intellij/gradle/toolingExtension/impl/modelAction/GradleModelHolderState;+11
j  com.intellij.gradle.toolingExtension.impl.modelAction.GradleModelFetchAction$$Lambda+0x00000000355e2260.apply(Ljava/lang/Object;)Ljava/lang/Object;+12
j  com.intellij.gradle.toolingExtension.impl.util.GradleExecutorServiceUtil.withSingleThreadExecutor(Ljava/lang/String;Ljava/util/function/Function;)Ljava/lang/Object;+25
j  com.intellij.gradle.toolingExtension.impl.modelAction.GradleModelFetchAction.execute(Lorg/gradle/tooling/BuildController;)Lcom/intellij/gradle/toolingExtension/impl/modelAction/GradleModelHolderState;+22
j  com.intellij.gradle.toolingExtension.impl.modelAction.GradleModelFetchAction.execute(Lorg/gradle/tooling/BuildController;)Ljava/lang/Object;+2
j  org.gradle.tooling.internal.consumer.connection.InternalBuildActionAdapter.execute(Lorg/gradle/tooling/internal/protocol/InternalBuildControllerVersion2;)Ljava/lang/Object;+11
j  org.gradle.tooling.internal.provider.runner.AbstractClientProvidedBuildActionRunner$ActionAdapter.executeAction(Ljava/lang/Object;Lorg/gradle/tooling/internal/provider/runner/DefaultBuildController;)Ljava/lang/Object;+12
j  org.gradle.tooling.internal.provider.runner.AbstractClientProvidedBuildActionRunner$ActionAdapter.runAction(Lorg/gradle/internal/buildtree/BuildTreeModelController;Ljava/lang/Object;Lorg/gradle/tooling/internal/protocol/PhasedActionResult$Phase;)V+29
j  org.gradle.tooling.internal.provider.runner.AbstractClientProvidedBuildActionRunner$ActionAdapter.fromBuildModel(Lorg/gradle/internal/buildtree/BuildTreeModelController;)Lorg/gradle/tooling/internal/provider/serialization/SerializedPayload;+14
j  org.gradle.tooling.internal.provider.runner.AbstractClientProvidedBuildActionRunner$ActionAdapter.fromBuildModel(Lorg/gradle/internal/buildtree/BuildTreeModelController;)Ljava/lang/Object;+2
j  org.gradle.internal.buildtree.DefaultBuildTreeModelCreator.fromBuildModel(Lorg/gradle/internal/buildtree/BuildTreeModelAction;)Ljava/lang/Object;+10
j  org.gradle.internal.cc.impl.barrier.BarrierAwareBuildTreeModelCreator.fromBuildModel$lambda$0(Lorg/gradle/internal/cc/impl/barrier/BarrierAwareBuildTreeModelCreator;Lorg/gradle/internal/buildtree/BuildTreeModelAction;)Ljava/lang/Object;+5
j  org.gradle.internal.cc.impl.barrier.BarrierAwareBuildTreeModelCreator$$Lambda+0x000000003612cf40.invoke()Ljava/lang/Object;+8
j  org.gradle.internal.cc.impl.barrier.VintageConfigurationTimeActionRunner.runConfigurationTimeAction(Lkotlin/jvm/functions/Function0;)Ljava/lang/Object;+25
j  org.gradle.internal.cc.impl.barrier.BarrierAwareBuildTreeModelCreator.fromBuildModel(Lorg/gradle/internal/buildtree/BuildTreeModelAction;)Ljava/lang/Object;+17
j  org.gradle.internal.buildtree.DefaultBuildTreeLifecycleController.lambda$runFromBuildModel$3(Lorg/gradle/internal/buildtree/BuildTreeModelAction;)Ljava/lang/Object;+5
j  org.gradle.internal.buildtree.DefaultBuildTreeLifecycleController$$Lambda+0x000000003613a938.call()Ljava/lang/Object;+8
j  org.gradle.internal.Try.ofFailable(Ljava/util/concurrent/Callable;)Lorg/gradle/internal/Try;+1
j  org.gradle.internal.buildtree.DefaultBuildTreeLifecycleController.runFromBuildModel(Lorg/gradle/internal/buildtree/BuildTreeModelAction;)Lorg/gradle/internal/build/ExecutionResult;+7
j  org.gradle.internal.buildtree.DefaultBuildTreeLifecycleController.lambda$fromBuildModel$2(Lorg/gradle/internal/buildtree/BuildTreeModelAction;Z)Lorg/gradle/internal/build/ExecutionResult;+25
j  org.gradle.internal.buildtree.DefaultBuildTreeLifecycleController$$Lambda+0x00000000355c1280.get()Ljava/lang/Object;+12
j  org.gradle.internal.buildtree.DefaultBuildTreeLifecycleController.lambda$runBuild$5(Ljava/util/function/Supplier;)Ljava/lang/Object;+1
j  org.gradle.internal.buildtree.DefaultBuildTreeLifecycleController$$Lambda+0x00000000355c14e8.get()Ljava/lang/Object;+8
j  org.gradle.internal.model.StateTransitionController.lambda$transition$7(Ljava/util/function/Supplier;)Lorg/gradle/internal/build/ExecutionResult;+1
j  org.gradle.internal.model.StateTransitionController$$Lambda+0x00000000355c19b8.get()Ljava/lang/Object;+4
j  org.gradle.internal.model.StateTransitionController.doTransition(Lorg/gradle/internal/model/StateTransitionController$State;Lorg/gradle/internal/model/StateTransitionController$State;Ljava/util/function/Supplier;)Lorg/gradle/internal/build/ExecutionResult;+24
j  org.gradle.internal.model.StateTransitionController.lambda$transition$8(Lorg/gradle/internal/model/StateTransitionController$State;Lorg/gradle/internal/model/StateTransitionController$State;Ljava/util/function/Supplier;)Ljava/lang/Object;+9
j  org.gradle.internal.model.StateTransitionController$$Lambda+0x00000000355c1750.create()Ljava/lang/Object;+16
j  org.gradle.internal.work.DefaultSynchronizer.withLock(Lorg/gradle/internal/Factory;)Ljava/lang/Object;+6
j  org.gradle.internal.model.StateTransitionController.transition(Lorg/gradle/internal/model/StateTransitionController$State;Lorg/gradle/internal/model/StateTransitionController$State;Ljava/util/function/Supplier;)Ljava/lang/Object;+13
j  org.gradle.internal.buildtree.DefaultBuildTreeLifecycleController.runBuild(Ljava/util/function/Supplier;)Ljava/lang/Object;+17
j  org.gradle.internal.buildtree.DefaultBuildTreeLifecycleController.fromBuildModel(ZLorg/gradle/internal/buildtree/BuildTreeModelAction;)Ljava/lang/Object;+9
j  org.gradle.tooling.internal.provider.runner.AbstractClientProvidedBuildActionRunner.runClientAction(Lorg/gradle/tooling/internal/provider/runner/AbstractClientProvidedBuildActionRunner$ClientAction;Lorg/gradle/internal/buildtree/BuildTreeLifecycleController;)Lorg/gradle/internal/buildtree/BuildActionRunner$Result;+22
j  org.gradle.tooling.internal.provider.runner.ClientProvidedPhasedActionRunner.run(Lorg/gradle/internal/invocation/BuildAction;Lorg/gradle/internal/buildtree/BuildTreeLifecycleController;)Lorg/gradle/internal/buildtree/BuildActionRunner$Result;+45
j  org.gradle.launcher.exec.ChainingBuildActionRunner.run(Lorg/gradle/internal/invocation/BuildAction;Lorg/gradle/internal/buildtree/BuildTreeLifecycleController;)Lorg/gradle/internal/buildtree/BuildActionRunner$Result;+34
j  org.gradle.internal.buildtree.ProblemReportingBuildActionRunner.run(Lorg/gradle/internal/invocation/BuildAction;Lorg/gradle/internal/buildtree/BuildTreeLifecycleController;)Lorg/gradle/internal/buildtree/BuildActionRunner$Result;+12
j  org.gradle.launcher.exec.BuildOutcomeReportingBuildActionRunner.run(Lorg/gradle/internal/invocation/BuildAction;Lorg/gradle/internal/buildtree/BuildTreeLifecycleController;)Lorg/gradle/internal/buildtree/BuildActionRunner$Result;+69
j  org.gradle.tooling.internal.provider.FileSystemWatchingBuildActionRunner.run(Lorg/gradle/internal/invocation/BuildAction;Lorg/gradle/internal/buildtree/BuildTreeLifecycleController;)Lorg/gradle/internal/buildtree/BuildActionRunner$Result;+317
j  org.gradle.launcher.exec.BuildCompletionNotifyingBuildActionRunner.run(Lorg/gradle/internal/invocation/BuildAction;Lorg/gradle/internal/buildtree/BuildTreeLifecycleController;)Lorg/gradle/internal/buildtree/BuildActionRunner$Result;+6
j  org.gradle.launcher.exec.RootBuildLifecycleBuildActionExecutor.lambda$execute$0(Lorg/gradle/internal/invocation/BuildAction;Lorg/gradle/internal/buildtree/BuildTreeLifecycleController;)Lorg/gradle/internal/buildtree/BuildActionRunner$Result;+6
j  org.gradle.launcher.exec.RootBuildLifecycleBuildActionExecutor$$Lambda+0x0000000035588000.apply(Ljava/lang/Object;)Ljava/lang/Object;+12
j  org.gradle.composite.internal.DefaultRootBuildState.run(Ljava/util/function/Function;)Ljava/lang/Object;+92
j  org.gradle.launcher.exec.RootBuildLifecycleBuildActionExecutor.execute(Lorg/gradle/internal/invocation/BuildAction;)Lorg/gradle/internal/buildtree/BuildActionRunner$Result;+91
j  org.gradle.launcher.exec.BuildTreeLifecycleBuildActionExecutor.runRootBuildAction(Lorg/gradle/internal/invocation/BuildAction;Lorg/gradle/internal/service/ServiceRegistry;Lorg/gradle/internal/buildtree/BuildActionModelRequirements;Lorg/gradle/internal/buildtree/BuildModelParameters;)Lorg/gradle/internal/buildtree/BuildActionRunner$Result;+42
j  org.gradle.launcher.exec.BuildTreeLifecycleBuildActionExecutor.execute(Lorg/gradle/internal/invocation/BuildAction;Lorg/gradle/internal/session/BuildSessionContext;)Lorg/gradle/internal/buildtree/BuildActionRunner$Result;+50
j  org.gradle.launcher.exec.RunAsBuildOperationBuildActionExecutor$2.call(Lorg/gradle/internal/operations/BuildOperationContext;)Lorg/gradle/internal/buildtree/BuildActionRunner$Result;+25
j  org.gradle.launcher.exec.RunAsBuildOperationBuildActionExecutor$2.call(Lorg/gradle/internal/operations/BuildOperationContext;)Ljava/lang/Object;+2
j  org.gradle.internal.operations.DefaultBuildOperationRunner$CallableBuildOperationWorker.execute(Lorg/gradle/internal/operations/CallableBuildOperation;Lorg/gradle/internal/operations/BuildOperationContext;)V+3
j  org.gradle.internal.operations.DefaultBuildOperationRunner$CallableBuildOperationWorker.execute(Lorg/gradle/internal/operations/BuildOperation;Lorg/gradle/internal/operations/BuildOperationContext;)V+6
j  org.gradle.internal.operations.DefaultBuildOperationRunner$2.execute(Lorg/gradle/internal/operations/BuildOperationDescriptor;Lorg/gradle/internal/operations/BuildOperationState;Lorg/gradle/internal/operations/BuildOperationState;Lorg/gradle/internal/operations/DefaultBuildOperationRunner$ReadableBuildOperationContext;Lorg/gradle/internal/operations/DefaultBuildOperationRunner$BuildOperationExecutionListener;)Lorg/gradle/internal/operations/BuildOperation;+22
j  org.gradle.internal.operations.DefaultBuildOperationRunner$2.execute(Lorg/gradle/internal/operations/BuildOperationDescriptor;Lorg/gradle/internal/operations/BuildOperationState;Lorg/gradle/internal/operations/BuildOperationState;Lorg/gradle/internal/operations/DefaultBuildOperationRunner$ReadableBuildOperationContext;Lorg/gradle/internal/operations/DefaultBuildOperationRunner$BuildOperationExecutionListener;)Ljava/lang/Object;+8
j  org.gradle.internal.operations.DefaultBuildOperationRunner.execute(Lorg/gradle/internal/operations/BuildOperationDescriptor$Builder;Lorg/gradle/internal/operations/DefaultBuildOperationRunner$BuildOperationExecution;)Ljava/lang/Object;+141
j  org.gradle.internal.operations.DefaultBuildOperationRunner.execute(Lorg/gradle/internal/operations/BuildOperation;Lorg/gradle/internal/operations/BuildOperationWorker;)V+17
j  org.gradle.internal.operations.DefaultBuildOperationRunner.call(Lorg/gradle/internal/operations/CallableBuildOperation;)Ljava/lang/Object;+12
j  org.gradle.launcher.exec.RunAsBuildOperationBuildActionExecutor.execute(Lorg/gradle/internal/invocation/BuildAction;Lorg/gradle/internal/session/BuildSessionContext;)Lorg/gradle/internal/buildtree/BuildActionRunner$Result;+23
j  org.gradle.launcher.exec.RunAsWorkerThreadBuildActionExecutor.lambda$execute$0(Lorg/gradle/internal/invocation/BuildAction;Lorg/gradle/internal/session/BuildSessionContext;)Lorg/gradle/internal/buildtree/BuildActionRunner$Result;+6
j  org.gradle.launcher.exec.RunAsWorkerThreadBuildActionExecutor$$Lambda+0x0000000035403638.create()Ljava/lang/Object;+12
j  org.gradle.internal.work.DefaultWorkerLeaseService.lambda$withLocksAcquired$0(Lorg/gradle/internal/Factory;Ljava/util/Collection;)Ljava/lang/Object;+1
j  org.gradle.internal.work.DefaultWorkerLeaseService$$Lambda+0x0000000035405510.create()Ljava/lang/Object;+12
j  org.gradle.internal.work.ResourceLockStatistics$1.measure(Ljava/lang/String;Ljava/lang/Iterable;Lorg/gradle/internal/Factory;)Ljava/lang/Object;+1
j  org.gradle.internal.work.DefaultWorkerLeaseService.withLocksAcquired(Ljava/util/Collection;Lorg/gradle/internal/Factory;)Ljava/lang/Object;+21
j  org.gradle.internal.work.DefaultWorkerLeaseService.withLocks(Ljava/util/Collection;Lorg/gradle/internal/Factory;)Ljava/lang/Object;+25
j  org.gradle.internal.work.DefaultWorkerLeaseService.runAsWorkerThread(Lorg/gradle/internal/Factory;)Ljava/lang/Object;+33
j  org.gradle.launcher.exec.RunAsWorkerThreadBuildActionExecutor.execute(Lorg/gradle/internal/invocation/BuildAction;Lorg/gradle/internal/session/BuildSessionContext;)Lorg/gradle/internal/buildtree/BuildActionRunner$Result;+12
j  org.gradle.tooling.internal.provider.continuous.ContinuousBuildActionExecutor.execute(Lorg/gradle/internal/invocation/BuildAction;Lorg/gradle/internal/session/BuildSessionContext;)Lorg/gradle/internal/buildtree/BuildActionRunner$Result;+58
j  org.gradle.tooling.internal.provider.SubscribableBuildActionExecutor.execute(Lorg/gradle/internal/invocation/BuildAction;Lorg/gradle/internal/session/BuildSessionContext;)Lorg/gradle/internal/buildtree/BuildActionRunner$Result;+30
j  org.gradle.internal.session.DefaultBuildSessionContext.execute(Lorg/gradle/internal/invocation/BuildAction;)Lorg/gradle/internal/buildtree/BuildActionRunner$Result;+64
j  org.gradle.internal.buildprocess.execution.BuildSessionLifecycleBuildActionExecutor$ActionImpl.apply(Lorg/gradle/internal/session/BuildSessionContext;)Lorg/gradle/launcher/exec/BuildActionResult;+6
j  org.gradle.internal.buildprocess.execution.BuildSessionLifecycleBuildActionExecutor$ActionImpl.apply(Ljava/lang/Object;)Ljava/lang/Object;+5
j  org.gradle.internal.session.BuildSessionState.run(Ljava/util/function/Function;)Ljava/lang/Object;+5
j  org.gradle.internal.buildprocess.execution.BuildSessionLifecycleBuildActionExecutor.execute(Lorg/gradle/internal/invocation/BuildAction;Lorg/gradle/launcher/exec/BuildActionParameters;Lorg/gradle/initialization/BuildRequestContext;)Lorg/gradle/launcher/exec/BuildActionResult;+105
j  org.gradle.internal.buildprocess.execution.BuildSessionLifecycleBuildActionExecutor.execute(Lorg/gradle/internal/invocation/BuildAction;Ljava/lang/Object;Ljava/lang/Object;)Lorg/gradle/launcher/exec/BuildActionResult;+10
j  org.gradle.internal.buildprocess.execution.StartParamsValidatingActionExecutor.execute(Lorg/gradle/internal/invocation/BuildAction;Lorg/gradle/launcher/exec/BuildActionParameters;Lorg/gradle/initialization/BuildRequestContext;)Lorg/gradle/launcher/exec/BuildActionResult;+142
j  org.gradle.internal.buildprocess.execution.StartParamsValidatingActionExecutor.execute(Lorg/gradle/internal/invocation/BuildAction;Ljava/lang/Object;Ljava/lang/Object;)Lorg/gradle/launcher/exec/BuildActionResult;+10
j  org.gradle.internal.buildprocess.execution.SessionFailureReportingActionExecutor.execute(Lorg/gradle/internal/invocation/BuildAction;Lorg/gradle/launcher/exec/BuildActionParameters;Lorg/gradle/initialization/BuildRequestContext;)Lorg/gradle/launcher/exec/BuildActionResult;+7
j  org.gradle.internal.buildprocess.execution.SessionFailureReportingActionExecutor.execute(Lorg/gradle/internal/invocation/BuildAction;Ljava/lang/Object;Ljava/lang/Object;)Lorg/gradle/launcher/exec/BuildActionResult;+10
j  org.gradle.internal.buildprocess.execution.SetupLoggingActionExecutor.execute(Lorg/gradle/internal/invocation/BuildAction;Lorg/gradle/launcher/exec/BuildActionParameters;Lorg/gradle/initialization/BuildRequestContext;)Lorg/gradle/launcher/exec/BuildActionResult;+50
j  org.gradle.internal.buildprocess.execution.SetupLoggingActionExecutor.execute(Lorg/gradle/internal/invocation/BuildAction;Ljava/lang/Object;Ljava/lang/Object;)Lorg/gradle/launcher/exec/BuildActionResult;+10
j  org.gradle.launcher.daemon.server.exec.ExecuteBuild.doBuild(Lorg/gradle/launcher/daemon/server/api/DaemonCommandExecution;Lorg/gradle/launcher/daemon/protocol/Build;)V+147
j  org.gradle.launcher.daemon.server.exec.BuildCommandOnly.execute(Lorg/gradle/launcher/daemon/server/api/DaemonCommandExecution;)V+49
j  org.gradle.launcher.daemon.server.api.DaemonCommandExecution.proceed()Z+23
j  org.gradle.launcher.daemon.server.exec.WatchForDisconnection.execute(Lorg/gradle/launcher/daemon/server/api/DaemonCommandExecution;)V+19
j  org.gradle.launcher.daemon.server.api.DaemonCommandExecution.proceed()Z+23
j  org.gradle.launcher.daemon.server.exec.ResetDeprecationLogger.execute(Lorg/gradle/launcher/daemon/server/api/DaemonCommandExecution;)V+7
j  org.gradle.launcher.daemon.server.api.DaemonCommandExecution.proceed()Z+23
j  org.gradle.launcher.daemon.server.exec.RequestStopIfSingleUsedDaemon.execute(Lorg/gradle/launcher/daemon/server/api/DaemonCommandExecution;)V+33
j  org.gradle.launcher.daemon.server.api.DaemonCommandExecution.proceed()Z+23
j  org.gradle.launcher.daemon.server.exec.ForwardClientInput.lambda$execute$0(Lorg/gradle/launcher/daemon/server/api/DaemonCommandExecution;Lorg/gradle/internal/daemon/clientinput/StdinHandler;)Ljava/lang/Object;+11
j  org.gradle.launcher.daemon.server.exec.ForwardClientInput$$Lambda+0x00000000352a04b8.apply(Ljava/lang/Object;)Ljava/lang/Object;+8
j  org.gradle.internal.daemon.clientinput.ClientInputForwarder.forwardInput(Ljava/util/function/Function;)Ljava/lang/Object;+46
j  org.gradle.launcher.daemon.server.exec.ForwardClientInput.execute(Lorg/gradle/launcher/daemon/server/api/DaemonCommandExecution;)V+10
j  org.gradle.launcher.daemon.server.api.DaemonCommandExecution.proceed()Z+23
j  org.gradle.launcher.daemon.server.exec.LogAndCheckHealth.execute(Lorg/gradle/launcher/daemon/server/api/DaemonCommandExecution;)V+51
j  org.gradle.launcher.daemon.server.api.DaemonCommandExecution.proceed()Z+23
j  org.gradle.launcher.daemon.server.exec.LogToClient.doBuild(Lorg/gradle/launcher/daemon/server/api/DaemonCommandExecution;Lorg/gradle/launcher/daemon/protocol/Build;)V+87
j  org.gradle.launcher.daemon.server.exec.BuildCommandOnly.execute(Lorg/gradle/launcher/daemon/server/api/DaemonCommandExecution;)V+49
j  org.gradle.launcher.daemon.server.api.DaemonCommandExecution.proceed()Z+23
j  org.gradle.launcher.daemon.server.exec.EstablishBuildEnvironment.doBuild(Lorg/gradle/launcher/daemon/server/api/DaemonCommandExecution;Lorg/gradle/launcher/daemon/protocol/Build;)V+356
j  org.gradle.launcher.daemon.server.exec.BuildCommandOnly.execute(Lorg/gradle/launcher/daemon/server/api/DaemonCommandExecution;)V+49
j  org.gradle.launcher.daemon.server.api.DaemonCommandExecution.proceed()Z+23
j  org.gradle.launcher.daemon.server.exec.StartBuildOrRespondWithBusy$1.run()V+44
j  org.gradle.launcher.daemon.server.DaemonStateCoordinator.lambda$runCommand$0(Ljava/lang/Runnable;)V+1
j  org.gradle.launcher.daemon.server.DaemonStateCoordinator$$Lambda+0x000000003529d4e8.run()V+8
j  org.gradle.internal.concurrent.ExecutorPolicy$CatchAndRecordFailures.onExecute(Ljava/lang/Runnable;)V+1
j  org.gradle.internal.concurrent.AbstractManagedExecutor$1.run()V+25
j  java.util.concurrent.ThreadPoolExecutor.runWorker(Ljava/util/concurrent/ThreadPoolExecutor$Worker;)V+92 java.base@25.0.2
j  java.util.concurrent.ThreadPoolExecutor$Worker.run()V+5 java.base@25.0.2
j  java.lang.Thread.runWith(Ljava/lang/Object;Ljava/lang/Runnable;)V+5 java.base@25.0.2
j  java.lang.Thread.run()V+19 java.base@25.0.2
v  ~StubRoutines::call_stub 0x0000016a0eb512ed
Lock stack of current Java thread (top to bottom):

method entry point (kind = zerolocals)  [0x0000016a0eb5be40, 0x0000016a0eb5c190]  848 bytes
[MachCode]
  0x0000016a0eb5be40: 488b 5308 | 0fb7 4a2e | 0fb7 522c | 2bd1 81fa | f501 0000 | 0f86 2500 | 0000 488b | c248 c1e0 
  0x0000016a0eb5be60: 0348 83c0 | 5849 0387 | 5805 0000 | 483b e00f | 870a 0000 | 0058 498b | e550 e961 | aaff ff58 
  0x0000016a0eb5be80: 4c8d 74cc | f885 d27e | 0968 0000 | 0000 ffca | 7ff7 5055 | 488b ec41 | 5548 8b43 | 084c 8d68 
  0x0000016a0eb5bea0: 3848 8b40 | 0868 0000 | 0000 5348 | 8b50 1848 | 8b52 7048 | 8b12 5248 | 8b53 1048 | 85d2 7407 
  0x0000016a0eb5bec0: 4881 c2d0 | 0000 0052 | 488b 5010 | 5249 8bc6 | 482b c548 | c1e8 0350 | 4155 68f7 | ffff ff41 
  0x0000016a0eb5bee0: c687 f104 | 0000 0148 | 8b45 d848 | 85c0 0f84 | 8400 0000 | 8b48 f885 | c90f 8879 | 0000 0048 
  0x0000016a0eb5bf00: 03c1 488b | 4808 4883 | e902 488b | 54c8 1048 | f7da 498b | 14d6 4885 | d275 10f6 | 44c8 1801 
  0x0000016a0eb5bf20: 7550 f048 | 834c c818 | 01eb 478b | 5208 4c8b | d248 3354 | c818 48f7 | c2fc ffff | ff74 33f6 
  0x0000016a0eb5bf40: c202 752e | 4883 7cc8 | 1800 7421 | 4883 7cc8 | 1801 7419 | 498b d248 | 3354 c818 | 48f7 c2fc 
  0x0000016a0eb5bf60: ffff ff74 | 0d48 834c | c818 02eb | 0548 8954 | c818 4883 | e902 7992 | 488b 4310 | 4885 c074 
  0x0000016a0eb5bf80: 208b 8890 | 0000 0083 | c102 8988 | 9000 0000 | 2388 a400 | 0000 0f84 | 4401 0000 | e9cf 0000 
  0x0000016a0eb5bfa0: 0048 8b43 | 1848 85c0 | 0f85 b000 | 0000 e805 | 0000 00e9 | 9900 0000 | 488b d348 | 8d44 2408 
  0x0000016a0eb5bfc0: 4c89 6dc0 | 498b cfc5 | f877 4989 | af38 0400 | 0049 8987 | 2804 0000 | 4883 ec20 | 40f6 c40f 
  0x0000016a0eb5bfe0: 0f84 1900 | 0000 4883 | ec08 48b8 | 00e9 67bc | fc7f 0000 | ffd0 4883 | c408 e90c | 0000 0048 
  0x0000016a0eb5c000: b800 e967 | bcfc 7f00 | 00ff d048 | 83c4 2049 | c787 2804 | 0000 0000 | 0000 49c7 | 8738 0400 
  0x0000016a0eb5c020: 0000 0000 | 0049 c787 | 3004 0000 | 0000 0000 | c5f8 7749 | 837f 0800 | 0f84 0500 | 0000 e99d 
  0x0000016a0eb5c040: 51ff ff4c | 8b6d c04c | 8b75 c84e | 8d74 f500 | c348 8b43 | 1848 85c0 | 0f84 1200 | 0000 8b48 
  0x0000016a0eb5c060: 0883 c102 | 8948 0823 | 482c 0f84 | 7000 0000 | 493b a770 | 0500 000f | 8748 0000 | 0089 8424 
  0x0000016a0eb5c080: 00f0 ffff | 8984 2400 | e0ff ff89 | 8424 00d0 | ffff 8984 | 2400 c0ff | ff89 8424 | 00b0 ffff 
  0x0000016a0eb5c0a0: 8984 2400 | a0ff ff89 | 8424 0090 | ffff 8984 | 2400 80ff | ff49 3ba7 | 6805 0000 | 7607 4989 
  0x0000016a0eb5c0c0: a770 0500 | 0041 c687 | f104 0000 | 0041 0fb6 | 5d00 49ba | d094 ffbc | fc7f 0000 | 41ff 24da 
  0x0000016a0eb5c0e0: ba00 0000 | 00e8 0500 | 0000 e996 | 0000 0048 | 8d44 2408 | 4c89 6dc0 | 498b cfc5 | f877 4989 
  0x0000016a0eb5c100: af38 0400 | 0049 8987 | 2804 0000 | 4883 ec20 | 40f6 c40f | 0f84 1900 | 0000 4883 | ec08 48b8 
  0x0000016a0eb5c120: e0f7 67bc | fc7f 0000 | ffd0 4883 | c408 e90c | 0000 0048 | b8e0 f767 | bcfc 7f00 | 00ff d048 
  0x0000016a0eb5c140: 83c4 2049 | c787 2804 | 0000 0000 | 0000 49c7 | 8738 0400 | 0000 0000 | 0049 c787 | 3004 0000 
  0x0000016a0eb5c160: 0000 0000 | c5f8 7749 | 837f 0800 | 0f84 0500 | 0000 e969 | 50ff ff4c | 8b6d c04c | 8b75 c84e 
  0x0000016a0eb5c180: 8d74 f500 | c348 8b5d | e8e9 e2fe | ffff 6690 
[/MachCode]

Compiled method (c1) 44669 9069       3       org.gradle.internal.operations.DefaultBuildOperationRunner$CallableBuildOperationWorker::execute (10 bytes)
 total in heap  [0x0000016a0817a908,0x0000016a0817ad80] = 1144
 main code      [0x0000016a0817aa00,0x0000016a0817ad30] = 816
 stub code      [0x0000016a0817ad30,0x0000016a0817ad78] = 72
 oops           [0x0000016a0817ad78,0x0000016a0817ad80] = 8
 mutable data [0x0000016a253acac0,0x0000016a253acb30] = 112
 relocation     [0x0000016a253acac0,0x0000016a253acb18] = 88
 metadata       [0x0000016a253acb18,0x0000016a253acb30] = 24
 immutable data [0x0000016a24217920,0x0000016a242179f0] = 208
 dependencies   [0x0000016a24217920,0x0000016a24217928] = 8
 nul chk table  [0x0000016a24217928,0x0000016a24217938] = 16
 scopes pcs     [0x0000016a24217938,0x0000016a242179a8] = 112
 scopes data    [0x0000016a242179a8,0x0000016a242179f0] = 72

[Constant Pool (empty)]

[MachCode]
[Instructions begin]
  0x0000016a0817aa00: 6666 660f | 1f84 0000 | 0000 0066 | 6666 9066 | 6690 448b | 5208 443b 

  0x0000016a0817aa18: ;   {runtime_call Shared Runtime ic_miss_blob}
  0x0000016a0817aa18: 5008 0f85 | c040 a206 
[Verified Entry Point]
  0x0000016a0817aa20: 8984 2400 | 80ff ff55 | 4883 ec50 | 4181 7f20 | 1700 0000 

  0x0000016a0817aa34: ;   {runtime_call Stub::method_entry_barrier}
  0x0000016a0817aa34: 7405 e825 

  0x0000016a0817aa38: ;   {metadata(method data for {method} {0x0000016a1d934990} 'execute' '(Lorg/gradle/internal/operations/BuildOperation;Lorg/gradle/internal/operations/BuildOperationContext;)V' in 'org/gradle/internal/operations/DefaultBuildOperationRunner$CallableBuildOperationWorker')}
  0x0000016a0817aa38: e6a0 0648 | be20 2840 | 266a 0100 | 008b be90 | 0000 0083 | c702 89be | 9000 0000 | 81e7 fe07 
  0x0000016a0817aa58: 0000 85ff | 0f84 0702 | 0000 4d85 

  0x0000016a0817aa64: ;   {metadata(method data for {method} {0x0000016a1d934990} 'execute' '(Lorg/gradle/internal/operations/BuildOperation;Lorg/gradle/internal/operations/BuildOperationContext;)V' in 'org/gradle/internal/operations/DefaultBuildOperationRunner$CallableBuildOperationWorker')}
  0x0000016a0817aa64: c048 bf20 | 2840 266a | 0100 0075 | 0c80 8fd1 | 0000 0001 | e9b1 0000 | 0041 8b58 | 0848 3b9f 
  0x0000016a0817aa84: e000 0000 | 750d 4883 | 87e8 0000 | 0001 e960 | 0000 0048 | 3b9f f000 | 0000 750d | 4883 87f8 
  0x0000016a0817aaa4: 0000 0001 | e94a 0000 | 0048 83bf | e000 0000 | 0075 1748 | 899f e000 | 0000 48c7 | 87e8 0000 
  0x0000016a0817aac4: 0001 0000 | 00e9 2900 | 0000 4883 | bff0 0000 | 0000 7517 | 4889 9ff0 | 0000 0048 | c787 f800 
  0x0000016a0817aae4: 0000 0100 | 0000 e908 | 0000 0048 | 8387 d800 

  0x0000016a0817aaf4: ;   {metadata('org/gradle/internal/operations/CallableBuildOperation')}
  0x0000016a0817aaf4: 0000 0148 | bb48 e535 | 3500 0000 | 0041 8b78 | 0848 3b5f | 200f 841f | 0000 0048 | 3bfb 0f84 
  0x0000016a0817ab14: 1600 0000 

  0x0000016a0817ab18: ;   {runtime_call C1 Runtime slow_subtype_check_blob}
  0x0000016a0817ab18: 5753 e8c1 | 9aae 065f | 5f85 ff0f | 8461 0100 | 00e9 0000 | 0000 498b | f04c 8bc2 

  0x0000016a0817ab34: ;   {metadata(method data for {method} {0x0000016a1d934990} 'execute' '(Lorg/gradle/internal/operations/BuildOperation;Lorg/gradle/internal/operations/BuildOperationContext;)V' in 'org/gradle/internal/operations/DefaultBuildOperationRunner$CallableBuildOperationWorker')}
  0x0000016a0817ab34: 48bf 2028 | 4026 6a01 

  0x0000016a0817ab3c: ;   {metadata('org/gradle/internal/operations/DefaultBuildOperationRunner$CallableBuildOperationWorker')}
  0x0000016a0817ab3c: 0000 49ba | 106d 4035 | 0000 0000 | 4c89 9710 | 0100 0048 | 8387 1801 

  0x0000016a0817ab54: ;   {metadata(method data for {method} {0x0000016a1d9347f0} 'execute' '(Lorg/gradle/internal/operations/CallableBuildOperation;Lorg/gradle/internal/operations/BuildOperationContext;)V' in 'org/gradle/internal/operations/DefaultBuildOperationRunner$CallableBuildOperationWorker')}
  0x0000016a0817ab54: 0000 0149 | b820 bd2e | 266a 0100 | 0041 8bb8 | 9000 0000 | 83c7 0241 | 89b8 9000 | 0000 81e7 
  0x0000016a0817ab74: feff 1f00 | 85ff 0f84 | 1301 0000 

  0x0000016a0817ab80: ; implicit exception: dispatches to 0x0000016a0817acb4
  0x0000016a0817ab80: 483b 064c 

  0x0000016a0817ab84: ;   {metadata(method data for {method} {0x0000016a1d9347f0} 'execute' '(Lorg/gradle/internal/operations/CallableBuildOperation;Lorg/gradle/internal/operations/BuildOperationContext;)V' in 'org/gradle/internal/operations/DefaultBuildOperationRunner$CallableBuildOperationWorker')}
  0x0000016a0817ab84: 8bc6 48bf | 20bd 2e26 | 6a01 0000 | 458b 4008 | 4c3b 87e0 | 0000 0075 | 0d48 8387 | e800 0000 
  0x0000016a0817aba4: 01e9 6000 | 0000 4c3b | 87f0 0000 | 0075 0d48 | 8387 f800 | 0000 01e9 | 4a00 0000 | 4883 bfe0 
  0x0000016a0817abc4: 0000 0000 | 7517 4c89 | 87e0 0000 | 0048 c787 | e800 0000 | 0100 0000 | e929 0000 | 0048 83bf 
  0x0000016a0817abe4: f000 0000 | 0075 174c | 8987 f000 | 0000 48c7 | 87f8 0000 | 0001 0000 | 00e9 0800 | 0000 4883 
  0x0000016a0817ac04: 87d8 0000 | 0001 4d8b | c148 8954 | 2440 488b | d648 b8c0 | 7ed4 226a 

  0x0000016a0817ac1c: ;   {virtual_call}
  0x0000016a0817ac1c: 0100 00e8 

  0x0000016a0817ac20: ; ImmutableOopMap {[64]=Oop }
                      ;*invokeinterface call {reexecute=0 rethrow=0 return_oop=0}
                      ; - org.gradle.internal.operations.DefaultBuildOperationRunner$CallableBuildOperationWorker::execute@3 (line 210)
                      ; - org.gradle.internal.operations.DefaultBuildOperationRunner$CallableBuildOperationWorker::execute@6 (line 205)
  0x0000016a0817ac20: 1c41 af06 

  0x0000016a0817ac24: ;   {post_call_nop}
  0x0000016a0817ac24: 0f1f 8400 | 1c03 0000 | 410f be77 | 4885 f648 | 8b54 2440 | 0f85 7b00 | 0000 4c8b | d044 8952 
  0x0000016a0817ac44: 0c48 8bf2 | 4833 f048 | c1ee 1448 | 83fe 000f | 857b 0000 | 0048 83c4 

  0x0000016a0817ac5c: ;   {poll_return}
  0x0000016a0817ac5c: 505d 493b | 6728 0f87 | 8400 0000 

  0x0000016a0817ac68: ;   {metadata({method} {0x0000016a1d934990} 'execute' '(Lorg/gradle/internal/operations/BuildOperation;Lorg/gradle/internal/operations/BuildOperationContext;)V' in 'org/gradle/internal/operations/DefaultBuildOperationRunner$CallableBuildOperationWorker')}
  0x0000016a0817ac68: c349 ba88 | 4993 1d6a | 0100 004c | 8954 2408 | 48c7 0424 | ffff ffff 

  0x0000016a0817ac80: ;   {runtime_call C1 Runtime counter_overflow_blob}
  0x0000016a0817ac80: e85b c3ae 

  0x0000016a0817ac84: ; ImmutableOopMap {rdx=Oop r8=Oop r9=Oop }
                      ;*synchronization entry
                      ; - org.gradle.internal.operations.DefaultBuildOperationRunner$CallableBuildOperationWorker::execute@-1 (line 205)
  0x0000016a0817ac84: 06e9 d8fd | ffff 4c89 

  0x0000016a0817ac8c: ;   {runtime_call C1 Runtime throw_class_cast_exception_blob}
  0x0000016a0817ac8c: 0424 e84d 

  0x0000016a0817ac90: ; ImmutableOopMap {rdx=Oop r9=Oop }
                      ;*checkcast {reexecute=0 rethrow=0 return_oop=0}
                      ; - org.gradle.internal.operations.DefaultBuildOperationRunner$CallableBuildOperationWorker::execute@2 (line 205)
                      ;   {metadata({method} {0x0000016a1d9347f0} 'execute' '(Lorg/gradle/internal/operations/CallableBuildOperation;Lorg/gradle/internal/operations/BuildOperationContext;)V' in 'org/gradle/internal/operations/DefaultBuildOperationRunner$CallableBuildOperationWorker')}
  0x0000016a0817ac90: 93ae 0649 | bae8 4793 | 1d6a 0100 | 004c 8954 | 2408 48c7 | 0424 ffff 

  0x0000016a0817aca8: ;   {runtime_call C1 Runtime counter_overflow_blob}
  0x0000016a0817aca8: ffff e831 

  0x0000016a0817acac: ; ImmutableOopMap {rdx=Oop r9=Oop rsi=Oop }
                      ;*synchronization entry
                      ; - org.gradle.internal.operations.DefaultBuildOperationRunner$CallableBuildOperationWorker::execute@-1 (line 210)
                      ; - org.gradle.internal.operations.DefaultBuildOperationRunner$CallableBuildOperationWorker::execute@6 (line 205)
  0x0000016a0817acac: c3ae 06e9 | ccfe ffff 

  0x0000016a0817acb4: ;   {runtime_call C1 Runtime throw_null_pointer_exception_blob}
  0x0000016a0817acb4: e827 6fae 

  0x0000016a0817acb8: ; ImmutableOopMap {rdx=Oop r9=Oop rsi=Oop }
                      ;*invokeinterface call {reexecute=0 rethrow=0 return_oop=0}
                      ; - org.gradle.internal.operations.DefaultBuildOperationRunner$CallableBuildOperationWorker::execute@3 (line 210)
                      ; - org.gradle.internal.operations.DefaultBuildOperationRunner$CallableBuildOperationWorker::execute@6 (line 205)
  0x0000016a0817acb8: 068b 720c | 4883 fe00 | 0f84 78ff | ffff 4889 

  0x0000016a0817acc8: ;   {runtime_call g1_pre_barrier_slow}
  0x0000016a0817acc8: 3424 e811 | c9ae 06e9 | 6aff ffff | 4883 f800 | 0f84 7bff | ffff 4889 

  0x0000016a0817ace0: ;   {runtime_call g1_post_barrier_slow}
  0x0000016a0817ace0: 1424 e8f9 | cbae 06e9 | 6dff ffff 

  0x0000016a0817acec: ;   {internal_word}
  0x0000016a0817acec: 49ba 5eac | 1708 6a01 | 0000 4d89 | 97e0 0400 

  0x0000016a0817acfc: ;   {runtime_call SafepointBlob}
  0x0000016a0817acfc: 00e9 5e62 | a206 498b | 8788 0500 | 0049 c787 | 8805 0000 | 0000 0000 | 49c7 8790 | 0500 0000 
  0x0000016a0817ad1c: 0000 0048 | 83c4 505d 

  0x0000016a0817ad24: ;   {runtime_call C1 Runtime unwind_exception_blob}
  0x0000016a0817ad24: e9b7 5fae | 06f4 f4f4 | f4f4 f4f4 
[Stub Code]
  0x0000016a0817ad30: ;   {other}
  0x0000016a0817ad30: 0f1f 4400 

  0x0000016a0817ad34: ;   {static_stub}
  0x0000016a0817ad34: 0048 bb00 | 0000 0000 

  0x0000016a0817ad3c: ;   {runtime_call nmethod}
  0x0000016a0817ad3c: 0000 00e9 | fbff ffff 
[Exception Handler]
  0x0000016a0817ad44: ;   {runtime_call C1 Runtime handle_exception_from_callee_blob}
  0x0000016a0817ad44: e897 8cae 

  0x0000016a0817ad48: ;   {external_word}
  0x0000016a0817ad48: 0648 b9b8 | a1d0 bcfc | 7f00 0048 

  0x0000016a0817ad54: ;   {runtime_call}
  0x0000016a0817ad54: 83e4 f048 | b800 dc8f | bcfc 7f00 | 00ff d0f4 
[Deopt Handler Code]
  0x0000016a0817ad64: ;   {section_word}
  0x0000016a0817ad64: 49ba 64ad | 1708 6a01 | 0000 4152 

  0x0000016a0817ad70: ;   {runtime_call DeoptimizationBlob}
  0x0000016a0817ad70: e9eb 64a2 | 06f4 f4f4 
[/MachCode]


Compiled method (c1) 44673 9001   !   3       org.gradle.internal.operations.DefaultBuildOperationRunner$2::execute (110 bytes)
 total in heap  [0x0000016a08164508,0x0000016a08164de8] = 2272
 main code      [0x0000016a08164600,0x0000016a08164d48] = 1864
 stub code      [0x0000016a08164d48,0x0000016a08164de0] = 152
 oops           [0x0000016a08164de0,0x0000016a08164de8] = 8
 mutable data [0x0000016a2312b2f0,0x0000016a2312b400] = 272
 relocation     [0x0000016a2312b2f0,0x0000016a2312b3c0] = 208
 metadata       [0x0000016a2312b3c0,0x0000016a2312b400] = 64
 immutable data [0x0000016a2491c0f0,0x0000016a2491c4e0] = 1008
 dependencies   [0x0000016a2491c0f0,0x0000016a2491c108] = 24
 nul chk table  [0x0000016a2491c108,0x0000016a2491c138] = 48
 handler table  [0x0000016a2491c138,0x0000016a2491c258] = 288
 scopes pcs     [0x0000016a2491c258,0x0000016a2491c378] = 288
 scopes data    [0x0000016a2491c378,0x0000016a2491c4e0] = 360

[Constant Pool (empty)]

[MachCode]
[Instructions begin]
  0x0000016a08164600: 6666 660f | 1f84 0000 | 0000 0066 | 6666 9066 | 6690 448b | 5208 443b 

  0x0000016a08164618: ;   {runtime_call Shared Runtime ic_miss_blob}
  0x0000016a08164618: 5008 0f85 | c0a4 a306 
[Verified Entry Point]
  0x0000016a08164620: 8984 2400 | 80ff ff55 | 4881 eca0 | 0000 0090 | 4181 7f20 | 1700 0000 

  0x0000016a08164638: ;   {runtime_call Stub::method_entry_barrier}
  0x0000016a08164638: 7405 e821 | 4aa2 0648 | 8954 2448 

  0x0000016a08164644: ;   {metadata(method data for {method} {0x0000016a1d937d38} 'execute' '(Lorg/gradle/internal/operations/BuildOperationDescriptor;Lorg/gradle/internal/operations/BuildOperationState;Lorg/gradle/internal/operations/BuildOperationState;Lorg/gradle/internal/operations/DefaultBuildOperationRunner$ReadableBuildOperationContext;Lorg/gradle/internal/operations/DefaultBuildOperationRunner$BuildOperationExecutionListener;)Lorg/gradle/internal/operations/BuildOperation;' in 'org/gradle/internal/operations/DefaultBuildOperationRunner$2')}
  0x0000016a08164644: 48bb d0d9 | 2d26 6a01 | 0000 8b83 | 9000 0000 | 83c0 0289 | 8390 0000 | 0025 fe07 | 0000 85c0 
  0x0000016a08164664: 0f84 d705 | 0000 4889 | 7424 5048 | 897c 2470 

  0x0000016a08164674: ; implicit exception: dispatches to 0x0000016a08164c62
  0x0000016a08164674: 483b 0148 

  0x0000016a08164678: ;   {metadata(method data for {method} {0x0000016a1d937d38} 'execute' '(Lorg/gradle/internal/operations/BuildOperationDescriptor;Lorg/gradle/internal/operations/BuildOperationState;Lorg/gradle/internal/operations/BuildOperationState;Lorg/gradle/internal/operations/DefaultBuildOperationRunner$ReadableBuildOperationContext;Lorg/gradle/internal/operations/DefaultBuildOperationRunner$BuildOperationExecutionListener;)Lorg/gradle/internal/operations/BuildOperation;' in 'org/gradle/internal/operations/DefaultBuildOperationRunner$2')}
  0x0000016a08164678: 8bd9 48b8 | d0d9 2d26 | 6a01 0000 | 8b5b 0848 | 3b98 e000 | 0000 750d | 4883 80e8 | 0000 0001 
  0x0000016a08164698: e960 0000 | 0048 3b98 | f000 0000 | 750d 4883 | 80f8 0000 | 0001 e94a | 0000 0048 | 83b8 e000 
  0x0000016a081646b8: 0000 0075 | 1748 8998 | e000 0000 | 48c7 80e8 | 0000 0001 | 0000 00e9 | 2900 0000 | 4883 b8f0 
  0x0000016a081646d8: 0000 0000 | 7517 4889 | 98f0 0000 | 0048 c780 | f800 0000 | 0100 0000 | e908 0000 | 0048 8380 
  0x0000016a081646f8: d800 0000 | 0149 8bd8 | 4c8b c349 | 8bc1 4c8b | c848 8bd1 | 4889 4424 | 6848 895c | 2460 4889 
  0x0000016a08164718: 4c24 5866 | 9048 b860 | c59c 236a 

  0x0000016a08164724: ;   {virtual_call}
  0x0000016a08164724: 0100 00e8 

  0x0000016a08164728: ; ImmutableOopMap {[72]=Oop [80]=Oop [88]=Oop [96]=Oop [104]=Oop [112]=Oop }
                      ;*invokeinterface start {reexecute=0 rethrow=0 return_oop=0}
                      ; - org.gradle.internal.operations.DefaultBuildOperationRunner$2::execute@4 (line 64)
  0x0000016a08164728: 66b1 f9ff 

  0x0000016a0816472c: ;   {post_call_nop}
  0x0000016a0816472c: 0f1f 8400 | 2402 0000 | 488b 5424 | 488b 720c | 448b 4210 

  0x0000016a08164740: ; implicit exception: dispatches to 0x0000016a08164c67
  0x0000016a08164740: 483b 064c 

  0x0000016a08164744: ;   {metadata(method data for {method} {0x0000016a1d937d38} 'execute' '(Lorg/gradle/internal/operations/BuildOperationDescriptor;Lorg/gradle/internal/operations/BuildOperationState;Lorg/gradle/internal/operations/BuildOperationState;Lorg/gradle/internal/operations/DefaultBuildOperationRunner$ReadableBuildOperationContext;Lorg/gradle/internal/operations/DefaultBuildOperationRunner$BuildOperationExecutionListener;)Lorg/gradle/internal/operations/BuildOperation;' in 'org/gradle/internal/operations/DefaultBuildOperationRunner$2')}
  0x0000016a08164744: 8bce 48bf | d0d9 2d26 | 6a01 0000 | 458b 4908 | 4c3b 8f10 | 0100 0075 | 0d48 8387 | 1801 0000 
  0x0000016a08164764: 01e9 6000 | 0000 4c3b | 8f20 0100 | 0075 0d48 | 8387 2801 | 0000 01e9 | 4a00 0000 | 4883 bf10 
  0x0000016a08164784: 0100 0000 | 7517 4c89 | 8f10 0100 | 0048 c787 | 1801 0000 | 0100 0000 | e929 0000 | 0048 83bf 
  0x0000016a081647a4: 2001 0000 | 0075 174c | 898f 2001 | 0000 48c7 | 8728 0100 | 0001 0000 | 00e9 0800 | 0000 4883 
  0x0000016a081647c4: 8708 0100 | 0001 4c8b | 4c24 5048 | 8bd6 6666 | 9048 b888 | c59c 236a 

  0x0000016a081647dc: ;   {virtual_call}
  0x0000016a081647dc: 0100 00e8 

  0x0000016a081647e0: ; ImmutableOopMap {[72]=Oop [80]=Oop [88]=Oop [96]=Oop [104]=Oop [112]=Oop }
                      ;*invokeinterface execute {reexecute=0 rethrow=0 return_oop=0}
                      ; - org.gradle.internal.operations.DefaultBuildOperationRunner$2::execute@22 (line 67)
  0x0000016a081647e0: 5ca5 b006 

  0x0000016a081647e4: ;   {post_call_nop}
  0x0000016a081647e4: 0f1f 8400 | dc02 0001 

  0x0000016a081647ec: ;   {metadata(method data for {method} {0x0000016a1d937d38} 'execute' '(Lorg/gradle/internal/operations/BuildOperationDescriptor;Lorg/gradle/internal/operations/BuildOperationState;Lorg/gradle/internal/operations/BuildOperationState;Lorg/gradle/internal/operations/DefaultBuildOperationRunner$ReadableBuildOperationContext;Lorg/gradle/internal/operations/DefaultBuildOperationRunner$BuildOperationExecutionListener;)Lorg/gradle/internal/operations/BuildOperation;' in 'org/gradle/internal/operations/DefaultBuildOperationRunner$2')}
  0x0000016a081647ec: 48b8 d0d9 | 2d26 6a01 | 0000 ff80 | 3801 0000 

  0x0000016a081647fc: ;   {oop(nullptr)}
  0x0000016a081647fc: 48bb 0000 | 0000 0000 | 0000 4889 | 5c24 7848 | 8b74 2450 | e91c 0100 | 0049 8b87 | 8805 0000 
  0x0000016a0816481c: 4d33 d24d | 8997 8805 | 0000 4d33 | d24d 8997 | 9005 0000 | 4885 f60f | 841c 0000 

  0x0000016a08164838: ;   {metadata('org/gradle/internal/operations/DefaultBuildOperationRunner$DefaultBuildOperationContext')}
  0x0000016a08164838: 0048 ba60 | 8540 3500 | 0000 008b | 7e08 483b | 5738 0f85 | 1c04 0000 | e900 0000 | 004c 8bc6 
  0x0000016a08164858: ; implicit exception: dispatches to 0x0000016a08164c71
  0x0000016a08164858: 483b 064c 

  0x0000016a0816485c: ;   {metadata(method data for {method} {0x0000016a1d937d38} 'execute' '(Lorg/gradle/internal/operations/BuildOperationDescriptor;Lorg/gradle/internal/operations/BuildOperationState;Lorg/gradle/internal/operations/BuildOperationState;Lorg/gradle/internal/operations/DefaultBuildOperationRunner$ReadableBuildOperationContext;Lorg/gradle/internal/operations/DefaultBuildOperationRunner$BuildOperationExecutionListener;)Lorg/gradle/internal/operations/BuildOperation;' in 'org/gradle/internal/operations/DefaultBuildOperationRunner$2')}
  0x0000016a0816485c: 8bc6 49b9 | d0d9 2d26 | 6a01 0000 

  0x0000016a08164868: ;   {metadata('org/gradle/internal/operations/DefaultBuildOperationRunner$DefaultBuildOperationContext')}
  0x0000016a08164868: 49ba 6085 | 4035 0000 | 0000 4d89 | 9158 0100 | 0049 8381 | 6001 0000 | 0144 8b46 | 144d 85c0 
  0x0000016a08164888: ;   {metadata(method data for {method} {0x0000016a1d937d38} 'execute' '(Lorg/gradle/internal/operations/BuildOperationDescriptor;Lorg/gradle/internal/operations/BuildOperationState;Lorg/gradle/internal/operations/BuildOperationState;Lorg/gradle/internal/operations/DefaultBuildOperationRunner$ReadableBuildOperationContext;Lorg/gradle/internal/operations/DefaultBuildOperationRunner$BuildOperationExecutionListener;)Lorg/gradle/internal/operations/BuildOperation;' in 'org/gradle/internal/operations/DefaultBuildOperationRunner$2')}
  0x0000016a08164888: 49b8 d0d9 | 2d26 6a01 | 0000 41b9 | 8001 0000 | 7506 41b9 | 9001 0000 | 4b8b 3c08 | 488d 7f01 
  0x0000016a081648a8: 4b89 3c08 | 0f85 7700 | 0000 4885 | f60f 841c 

  0x0000016a081648b8: ;   {metadata('org/gradle/internal/operations/DefaultBuildOperationRunner$DefaultBuildOperationContext')}
  0x0000016a081648b8: 0000 0048 | ba60 8540 | 3500 0000 | 008b 7e08 | 483b 5738 | 0f85 a403 | 0000 e900 | 0000 004c 
  0x0000016a081648d8: 8bc6 4c8b 

  0x0000016a081648dc: ;   {metadata(method data for {method} {0x0000016a1d937d38} 'execute' '(Lorg/gradle/internal/operations/BuildOperationDescriptor;Lorg/gradle/internal/operations/BuildOperationState;Lorg/gradle/internal/operations/BuildOperationState;Lorg/gradle/internal/operations/DefaultBuildOperationRunner$ReadableBuildOperationContext;Lorg/gradle/internal/operations/DefaultBuildOperationRunner$BuildOperationExecutionListener;)Lorg/gradle/internal/operations/BuildOperation;' in 'org/gradle/internal/operations/DefaultBuildOperationRunner$2')}
  0x0000016a081648dc: c649 b9d0 | d92d 266a 

  0x0000016a081648e4: ;   {metadata('org/gradle/internal/operations/DefaultBuildOperationRunner$DefaultBuildOperationContext')}
  0x0000016a081648e4: 0100 0049 | ba60 8540 | 3500 0000 | 004d 8991 | a801 0000 | 4983 81b0 | 0100 0001 | 450f be47 
  0x0000016a08164904: 4845 85c0 | 0f85 6d03 | 0000 4c8b | d044 8956 | 144c 8bc6 | 4c33 c049 | c1e8 1449 | 83f8 000f 
  0x0000016a08164924: 856e 0300 | 0048 8bd8 | 4889 5c24 | 7848 8b7c | 2470 488b 

  0x0000016a08164938: ;   {metadata(method data for {method} {0x0000016a1d937d38} 'execute' '(Lorg/gradle/internal/operations/BuildOperationDescriptor;Lorg/gradle/internal/operations/BuildOperationState;Lorg/gradle/internal/operations/BuildOperationState;Lorg/gradle/internal/operations/DefaultBuildOperationRunner$ReadableBuildOperationContext;Lorg/gradle/internal/operations/DefaultBuildOperationRunner$BuildOperationExecutionListener;)Lorg/gradle/internal/operations/BuildOperation;' in 'org/gradle/internal/operations/DefaultBuildOperationRunner$2')}
  0x0000016a08164938: 4c24 5849 | b8d0 d92d | 266a 0100 | 008b 4908 | 493b 88d8 | 0100 0075 | 0d49 8380 | e001 0000 
  0x0000016a08164958: 01e9 6000 | 0000 493b | 88e8 0100 | 0075 0d49 | 8380 f001 | 0000 01e9 | 4a00 0000 | 4983 b8d8 
  0x0000016a08164978: 0100 0000 | 7517 4989 | 88d8 0100 | 0049 c780 | e001 0000 | 0100 0000 | e929 0000 | 0049 83b8 
  0x0000016a08164998: e801 0000 | 0075 1749 | 8988 e801 | 0000 49c7 | 80f0 0100 | 0001 0000 | 00e9 0800 | 0000 4983 
  0x0000016a081649b8: 80d0 0100 | 0001 4c8b | 4424 604c | 8b4c 2468 | 488b 5424 | 5848 b8b0 | c59c 236a 

  0x0000016a081649d4: ;   {virtual_call}
  0x0000016a081649d4: 0100 00e8 

  0x0000016a081649d8: ; ImmutableOopMap {[72]=Oop [88]=Oop [96]=Oop [104]=Oop [120]=Oop }
                      ;*invokeinterface stop {reexecute=0 rethrow=0 return_oop=0}
                      ; - org.gradle.internal.operations.DefaultBuildOperationRunner$2::execute@62 (line 74)
  0x0000016a081649d8: 3625 f7ff 

  0x0000016a081649dc: ;   {post_call_nop}
  0x0000016a081649dc: 0f1f 8400 | d404 0002 | 488b 5c24 | 7848 85db 

  0x0000016a081649ec: ;   {metadata(method data for {method} {0x0000016a1d937d38} 'execute' '(Lorg/gradle/internal/operations/BuildOperationDescriptor;Lorg/gradle/internal/operations/BuildOperationState;Lorg/gradle/internal/operations/BuildOperationState;Lorg/gradle/internal/operations/DefaultBuildOperationRunner$ReadableBuildOperationContext;Lorg/gradle/internal/operations/DefaultBuildOperationRunner$BuildOperationExecutionListener;)Lorg/gradle/internal/operations/BuildOperation;' in 'org/gradle/internal/operations/DefaultBuildOperationRunner$2')}
  0x0000016a081649ec: 49b8 d0d9 | 2d26 6a01 | 0000 41b9 | 1002 0000 | 7506 41b9 | 0002 0000 | 4b8b 1408 | 488d 5201 
  0x0000016a08164a0c: 4b89 1408 | 0f85 d900 | 0000 488b | 5424 488b | 7210 4889 | b424 8000 | 0000 488b 

  0x0000016a08164a28: ;   {metadata(method data for {method} {0x0000016a1d937d38} 'execute' '(Lorg/gradle/internal/operations/BuildOperationDescriptor;Lorg/gradle/internal/operations/BuildOperationState;Lorg/gradle/internal/operations/BuildOperationState;Lorg/gradle/internal/operations/DefaultBuildOperationRunner$ReadableBuildOperationContext;Lorg/gradle/internal/operations/DefaultBuildOperationRunner$BuildOperationExecutionListener;)Lorg/gradle/internal/operations/BuildOperation;' in 'org/gradle/internal/operations/DefaultBuildOperationRunner$2')}
  0x0000016a08164a28: 4c24 5849 | b8d0 d92d | 266a 0100 | 008b 4908 | 493b 8838 | 0200 0075 | 0d49 8380 | 4002 0000 
  0x0000016a08164a48: 01e9 6000 | 0000 493b | 8848 0200 | 0075 0d49 | 8380 5002 | 0000 01e9 | 4a00 0000 | 4983 b838 
  0x0000016a08164a68: 0200 0000 | 7517 4989 | 8838 0200 | 0049 c780 | 4002 0000 | 0100 0000 | e929 0000 | 0049 83b8 
  0x0000016a08164a88: 4802 0000 | 0075 1749 | 8988 4802 | 0000 49c7 | 8050 0200 | 0001 0000 | 00e9 0800 | 0000 4983 
  0x0000016a08164aa8: 8030 0200 | 0001 4c8b | 4424 604c | 8b4c 2468 | 488b 5424 | 5848 b8d8 | c59c 236a 

  0x0000016a08164ac4: ;   {virtual_call}
  0x0000016a08164ac4: 0100 00e8 

  0x0000016a08164ac8: ; ImmutableOopMap {[128]=Oop }
                      ;*invokeinterface close {reexecute=0 rethrow=0 return_oop=0}
                      ; - org.gradle.internal.operations.DefaultBuildOperationRunner$2::execute@88 (line 80)
  0x0000016a08164ac8: c623 faff 

  0x0000016a08164acc: ;   {post_call_nop}
  0x0000016a08164acc: 0f1f 8400 | c405 0003 | 488b 8424 | 8000 0000 | 4881 c4a0 | 0000 005d 

  0x0000016a08164ae4: ;   {poll_return}
  0x0000016a08164ae4: 493b 6728 | 0f87 c101 

  0x0000016a08164aec: ;   {metadata(method data for {method} {0x0000016a1d937d38} 'execute' '(Lorg/gradle/internal/operations/BuildOperationDescriptor;Lorg/gradle/internal/operations/BuildOperationState;Lorg/gradle/internal/operations/BuildOperationState;Lorg/gradle/internal/operations/DefaultBuildOperationRunner$ReadableBuildOperationContext;Lorg/gradle/internal/operations/DefaultBuildOperationRunner$BuildOperationExecutionListener;)Lorg/gradle/internal/operations/BuildOperation;' in 'org/gradle/internal/operations/DefaultBuildOperationRunner$2')}
  0x0000016a08164aec: 0000 c348 | bad0 d92d | 266a 0100 | 0048 8382 | 2002 0000 

  0x0000016a08164b00: ;   {metadata(method data for {method} {0x0000016a1d3cc5c0} 'access$100' '(Ljava/lang/Throwable;)Ljava/lang/RuntimeException;' in 'org/gradle/internal/operations/DefaultBuildOperationRunner')}
  0x0000016a08164b00: 0148 baf0 | ac2f 266a | 0100 008b | b290 0000 | 0083 c602 | 89b2 9000 | 0000 81e6 | feff 1f00 
  0x0000016a08164b20: 85f6 0f84 | 9d01 0000 

  0x0000016a08164b28: ;   {metadata(method data for {method} {0x0000016a1d3cc5c0} 'access$100' '(Ljava/lang/Throwable;)Ljava/lang/RuntimeException;' in 'org/gradle/internal/operations/DefaultBuildOperationRunner')}
  0x0000016a08164b28: 48ba f0ac | 2f26 6a01 | 0000 4883 | 82d8 0000 | 0001 488b 

  0x0000016a08164b3c: ;   {static_call}
  0x0000016a08164b3c: d366 90e8 

  0x0000016a08164b40: ; ImmutableOopMap {[88]=Oop [96]=Oop [104]=Oop }
                      ;*invokestatic throwAsBuildOperationInvocationException {reexecute=0 rethrow=0 return_oop=0}
                      ; - org.gradle.internal.operations.DefaultBuildOperationRunner::access$100@1 (line 25)
                      ; - org.gradle.internal.operations.DefaultBuildOperationRunner$2::execute@74 (line 76)
  0x0000016a08164b40: 9ca8 a306 

  0x0000016a08164b44: ;   {post_call_nop}
  0x0000016a08164b44: 0f1f 8400 | 3c06 0004 

  0x0000016a08164b4c: ; implicit exception: dispatches to 0x0000016a08164ce6
                      ; ImmutableOopMap {rax=Oop [88]=Oop [96]=Oop [104]=Oop }
                      ;*athrow {reexecute=1 rethrow=0 return_oop=0}
                      ; - (reexecute) org.gradle.internal.operations.DefaultBuildOperationRunner$2::execute@77 (line 76)
                      ;   {section_word}
  0x0000016a08164b4c: 483b 0048 | ba4f 4b16 | 086a 0100 

  0x0000016a08164b58: ;   {runtime_call C1 Runtime handle_exception_nofpu_blob}
  0x0000016a08164b58: 00e8 82e8 | af06 9049 | 8b87 8805 | 0000 4d33 | d24d 8997 | 8805 0000 | 4d33 d24d | 8997 9005 
  0x0000016a08164b78: 0000 4889 | 8424 8800 | 0000 488b | 4c24 584c | 8b4c 2468 | 4c8b 4424 | 6048 3b01 

  0x0000016a08164b94: ;   {metadata(method data for {method} {0x0000016a1d937d38} 'execute' '(Lorg/gradle/internal/operations/BuildOperationDescriptor;Lorg/gradle/internal/operations/BuildOperationState;Lorg/gradle/internal/operations/BuildOperationState;Lorg/gradle/internal/operations/DefaultBuildOperationRunner$ReadableBuildOperationContext;Lorg/gradle/internal/operations/DefaultBuildOperationRunner$BuildOperationExecutionListener;)Lorg/gradle/internal/operations/BuildOperation;' in 'org/gradle/internal/operations/DefaultBuildOperationRunner$2')}
  0x0000016a08164b94: 488b d148 | bed0 d92d | 266a 0100 | 008b 5208 | 483b 9668 | 0200 0075 | 0d48 8386 | 7002 0000 
  0x0000016a08164bb4: 01e9 6000 | 0000 483b | 9678 0200 | 0075 0d48 | 8386 8002 | 0000 01e9 | 4a00 0000 | 4883 be68 
  0x0000016a08164bd4: 0200 0000 | 7517 4889 | 9668 0200 | 0048 c786 | 7002 0000 | 0100 0000 | e929 0000 | 0048 83be 
  0x0000016a08164bf4: 7802 0000 | 0075 1748 | 8996 7802 | 0000 48c7 | 8680 0200 | 0001 0000 | 00e9 0800 | 0000 4883 
  0x0000016a08164c14: 8660 0200 | 0001 488b | d148 b800 | c69c 236a 

  0x0000016a08164c24: ;   {virtual_call}
  0x0000016a08164c24: 0100 00e8 

  0x0000016a08164c28: ; ImmutableOopMap {[136]=Oop }
                      ;*invokeinterface close {reexecute=0 rethrow=0 return_oop=0}
                      ; - org.gradle.internal.operations.DefaultBuildOperationRunner$2::execute@102 (line 80)
  0x0000016a08164c28: b4a4 a306 

  0x0000016a08164c2c: ;   {post_call_nop}
  0x0000016a08164c2c: 0f1f 8400 | 2407 0006 | 488b 8424 | 8800 0000 | e9f4 0000 

  0x0000016a08164c40: ;   {metadata({method} {0x0000016a1d937d38} 'execute' '(Lorg/gradle/internal/operations/BuildOperationDescriptor;Lorg/gradle/internal/operations/BuildOperationState;Lorg/gradle/internal/operations/BuildOperationState;Lorg/gradle/internal/operations/DefaultBuildOperationRunner$ReadableBuildOperationContext;Lorg/gradle/internal/operations/DefaultBuildOperationRunner$BuildOperationExecutionListener;)Lorg/gradle/internal/operations/BuildOperation;' in 'org/gradle/internal/operations/DefaultBuildOperationRunner$2')}
  0x0000016a08164c40: 0049 ba30 | 7d93 1d6a | 0100 004c | 8954 2408 | 48c7 0424 | ffff ffff 

  0x0000016a08164c58: ;   {runtime_call C1 Runtime counter_overflow_blob}
  0x0000016a08164c58: e883 23b0 

  0x0000016a08164c5c: ; ImmutableOopMap {rdx=Oop r8=Oop r9=Oop rdi=Oop rsi=Oop rcx=Oop [72]=Oop }
                      ;*synchronization entry
                      ; - org.gradle.internal.operations.DefaultBuildOperationRunner$2::execute@-1 (line 64)
  0x0000016a08164c5c: 06e9 08fa 

  0x0000016a08164c60: ;   {runtime_call C1 Runtime throw_null_pointer_exception_blob}
  0x0000016a08164c60: ffff e879 

  0x0000016a08164c64: ; ImmutableOopMap {r8=Oop r9=Oop rcx=Oop [72]=Oop [80]=Oop [112]=Oop }
                      ;*invokeinterface start {reexecute=0 rethrow=0 return_oop=0}
                      ; - org.gradle.internal.operations.DefaultBuildOperationRunner$2::execute@4 (line 64)
                      ;   {runtime_call C1 Runtime throw_null_pointer_exception_blob}
  0x0000016a08164c64: cfaf 06e8 

  0x0000016a08164c68: ; ImmutableOopMap {rdx=Oop rsi=Oop r8=Oop [72]=Oop [80]=Oop [88]=Oop [96]=Oop [104]=Oop [112]=Oop }
                      ;*invokeinterface execute {reexecute=0 rethrow=0 return_oop=0}
                      ; - org.gradle.internal.operations.DefaultBuildOperationRunner$2::execute@22 (line 67)
  0x0000016a08164c68: 74cf af06 

  0x0000016a08164c6c: ;   {runtime_call C1 Runtime throw_incompatible_class_change_error_blob}
  0x0000016a08164c6c: e86f f6af 

  0x0000016a08164c70: ; ImmutableOopMap {rsi=Oop rax=Oop [72]=Oop [88]=Oop [96]=Oop [104]=Oop [112]=Oop }
                      ;*invokeinterface getFailure {reexecute=0 rethrow=0 return_oop=0}
                      ; - org.gradle.internal.operations.DefaultBuildOperationRunner$2::execute@34 (line 69)
                      ;   {runtime_call C1 Runtime throw_null_pointer_exception_blob}
  0x0000016a08164c70: 06e8 6acf 

  0x0000016a08164c74: ; ImmutableOopMap {rsi=Oop rax=Oop [72]=Oop [88]=Oop [96]=Oop [104]=Oop [112]=Oop }
                      ;*invokeinterface getFailure {reexecute=0 rethrow=0 return_oop=0}
                      ; - org.gradle.internal.operations.DefaultBuildOperationRunner$2::execute@34 (line 69)
                      ;   {runtime_call C1 Runtime throw_incompatible_class_change_error_blob}
  0x0000016a08164c74: af06 e865 

  0x0000016a08164c78: ; ImmutableOopMap {rsi=Oop rax=Oop [72]=Oop [88]=Oop [96]=Oop [104]=Oop [112]=Oop }
                      ;*invokeinterface failed {reexecute=0 rethrow=0 return_oop=0}
                      ; - org.gradle.internal.operations.DefaultBuildOperationRunner$2::execute@46 (line 70)
  0x0000016a08164c78: f6af 0644 | 8b46 1449 | 83f8 000f | 8485 fcff | ff4c 8904 

  0x0000016a08164c8c: ;   {runtime_call g1_pre_barrier_slow}
  0x0000016a08164c8c: 24e8 4e29 | b006 e977 | fcff ff48 | 83f8 000f | 8488 fcff | ff48 8934 

  0x0000016a08164ca4: ;   {runtime_call g1_post_barrier_slow}
  0x0000016a08164ca4: 24e8 362c | b006 e97a 

  0x0000016a08164cac: ;   {internal_word}
  0x0000016a08164cac: fcff ff49 | bae4 4a16 | 086a 0100 | 004d 8997 | e004 0000 

  0x0000016a08164cc0: ;   {runtime_call SafepointBlob}
  0x0000016a08164cc0: e99b c2a3 

  0x0000016a08164cc4: ;   {metadata({method} {0x0000016a1d3cc5c0} 'access$100' '(Ljava/lang/Throwable;)Ljava/lang/RuntimeException;' in 'org/gradle/internal/operations/DefaultBuildOperationRunner')}
  0x0000016a08164cc4: 0649 bab8 | c53c 1d6a | 0100 004c | 8954 2408 | 48c7 0424 | ffff ffff 

  0x0000016a08164cdc: ;   {runtime_call C1 Runtime counter_overflow_blob}
  0x0000016a08164cdc: e8ff 22b0 

  0x0000016a08164ce0: ; ImmutableOopMap {rbx=Oop [88]=Oop [96]=Oop [104]=Oop }
                      ;*synchronization entry
                      ; - org.gradle.internal.operations.DefaultBuildOperationRunner::access$100@-1 (line 25)
                      ; - org.gradle.internal.operations.DefaultBuildOperationRunner$2::execute@74 (line 76)
  0x0000016a08164ce0: 06e9 42fe 

  0x0000016a08164ce4: ;   {runtime_call C1 Runtime throw_null_pointer_exception_blob}
  0x0000016a08164ce4: ffff e8f5 

  0x0000016a08164ce8: ; ImmutableOopMap {rax=Oop [88]=Oop [96]=Oop [104]=Oop }
                      ;*athrow {reexecute=1 rethrow=0 return_oop=0}
                      ; - (reexecute) org.gradle.internal.operations.DefaultBuildOperationRunner$2::execute@77 (line 76)
                      ;   {runtime_call C1 Runtime throw_null_pointer_exception_blob}
  0x0000016a08164ce8: ceaf 06e8 

  0x0000016a08164cec: ; ImmutableOopMap {rcx=Oop r9=Oop r8=Oop [136]=Oop }
                      ;*invokeinterface close {reexecute=0 rethrow=0 return_oop=0}
                      ; - org.gradle.internal.operations.DefaultBuildOperationRunner$2::execute@102 (line 80)
  0x0000016a08164cec: f0ce af06 | 488b 7424 | 50e9 1bfb | ffff 4889 | 4c24 584c | 894c 2468 | 4c89 4424 | 60e9 51fe 
  0x0000016a08164d0c: ffff 488b | 7424 50e9 | fdfa ffff | 498b 8788 | 0500 0049 | c787 8805 | 0000 0000 | 0000 49c7 
  0x0000016a08164d2c: 8790 0500 | 0000 0000 | 0048 81c4 | a000 0000 

  0x0000016a08164d3c: ;   {runtime_call C1 Runtime unwind_exception_blob}
  0x0000016a08164d3c: 5de9 9ebf | af06 f4f4 | f4f4 f4f4 
[Stub Code]
  0x0000016a08164d48: ;   {other}
  0x0000016a08164d48: 0f1f 4400 

  0x0000016a08164d4c: ;   {static_stub}
  0x0000016a08164d4c: 0048 bb00 | 0000 0000 

  0x0000016a08164d54: ;   {runtime_call nmethod}
  0x0000016a08164d54: 0000 00e9 | fbff ffff 

  0x0000016a08164d5c: ;   {static_stub}
  0x0000016a08164d5c: 9048 bb00 | 0000 0000 

  0x0000016a08164d64: ;   {runtime_call nmethod}
  0x0000016a08164d64: 0000 00e9 | fbff ffff 

  0x0000016a08164d6c: ;   {static_stub}
  0x0000016a08164d6c: 9048 bb00 | 0000 0000 

  0x0000016a08164d74: ;   {runtime_call nmethod}
  0x0000016a08164d74: 0000 00e9 | fbff ffff 

  0x0000016a08164d7c: ;   {static_stub}
  0x0000016a08164d7c: 9048 bb00 | 0000 0000 

  0x0000016a08164d84: ;   {runtime_call nmethod}
  0x0000016a08164d84: 0000 00e9 | fbff ffff 

  0x0000016a08164d8c: ;   {static_stub}
  0x0000016a08164d8c: 9048 bb00 | 0000 0000 

  0x0000016a08164d94: ;   {runtime_call nmethod}
  0x0000016a08164d94: 0000 00e9 | fbff ffff 

  0x0000016a08164d9c: ;   {static_stub}
  0x0000016a08164d9c: 48bb 0000 | 0000 0000 

  0x0000016a08164da4: ;   {runtime_call nmethod}
  0x0000016a08164da4: 0000 e9fb 

  0x0000016a08164da8: ;   {runtime_call C1 Runtime handle_exception_from_callee_blob}
  0x0000016a08164da8: ffff ffe8 | 30ec af06 

  0x0000016a08164db0: ;   {external_word}
  0x0000016a08164db0: 48b9 b8a1 | d0bc fc7f | 0000 4883 

  0x0000016a08164dbc: ;   {runtime_call}
  0x0000016a08164dbc: e4f0 48b8 | 00dc 8fbc | fc7f 0000 

  0x0000016a08164dc8: ;   {section_word}
  0x0000016a08164dc8: ffd0 f449 | bacb 4d16 | 086a 0100 

  0x0000016a08164dd4: ;   {runtime_call DeoptimizationBlob}
  0x0000016a08164dd4: 0041 52e9 | 84c4 a306 | f4f4 f4f4 
[/MachCode]


---------------  P R O C E S S  ---------------

Threads class SMR info:
_java_thread_list=0x0000016a2af0d820, length=54, elements={
0x0000016a01ef1cf0, 0x0000016a1b8caab0, 0x0000016a1b8eff70, 0x0000016a1b8f0b30,
0x0000016a1b8cda90, 0x0000016a1b8ce660, 0x0000016a1b90a4e0, 0x0000016a1b90b0a0,
0x0000016a1b90bc60, 0x0000016a1b90c470, 0x0000016a1bd67890, 0x0000016a21d22db0,
0x0000016a21bfdb40, 0x0000016a222e42c0, 0x0000016a21eb7ff0, 0x0000016a21eb97c0,
0x0000016a21cb3930, 0x0000016a21cb6810, 0x0000016a21cb1220, 0x0000016a21cb7f80,
0x0000016a21cb19f0, 0x0000016a21cb21c0, 0x0000016a21cb3160, 0x0000016a22b8c780,
0x0000016a22b8a070, 0x0000016a22b861f0, 0x0000016a22b8b7e0, 0x0000016a22b8a840,
0x0000016a22b898a0, 0x0000016a23c78c90, 0x0000016a23c7d2e0, 0x0000016a23c7dab0,
0x0000016a23c7e280, 0x0000016a23c7ea50, 0x0000016a23c7a400, 0x0000016a23c7bb70,
0x0000016a23c7c340, 0x0000016a2346ff60, 0x0000016a2346e020, 0x0000016a2346b140,
0x0000016a23470730, 0x0000016a2346f790, 0x0000016a24cca800, 0x0000016a24ccc740,
0x0000016a24ccdeb0, 0x0000016a2a61ee20, 0x0000016a2a61fdc0, 0x0000016a2a61f5f0,
0x0000016a2a61bf40, 0x0000016a2a61c710, 0x0000016a2a61b770, 0x0000016a2a61cee0,
0x0000016a23eddf40, 0x0000016a23edd770
}

Java Threads: ( => current thread )
  0x0000016a01ef1cf0 JavaThread "main"                              [_thread_blocked, id=23996, stack(0x000000629a800000,0x000000629a900000) (1024K)]
  0x0000016a1b8caab0 JavaThread "Common-Cleaner"             daemon [_thread_blocked, id=4012, stack(0x000000629b000000,0x000000629b100000) (1024K)]
  0x0000016a1b8eff70 JavaThread "Reference Handler"          daemon [_thread_blocked, id=9400, stack(0x000000629b100000,0x000000629b200000) (1024K)]
  0x0000016a1b8f0b30 JavaThread "Finalizer"                  daemon [_thread_blocked, id=11016, stack(0x000000629b200000,0x000000629b300000) (1024K)]
  0x0000016a1b8cda90 JavaThread "Signal Dispatcher"          daemon [_thread_blocked, id=5356, stack(0x000000629b300000,0x000000629b400000) (1024K)]
  0x0000016a1b8ce660 JavaThread "Attach Listener"            daemon [_thread_blocked, id=14880, stack(0x000000629b400000,0x000000629b500000) (1024K)]
  0x0000016a1b90a4e0 JavaThread "Service Thread"             daemon [_thread_blocked, id=19864, stack(0x000000629b500000,0x000000629b600000) (1024K)]
  0x0000016a1b90b0a0 JavaThread "Monitor Deflation Thread"   daemon [_thread_blocked, id=7008, stack(0x000000629b600000,0x000000629b700000) (1024K)]
  0x0000016a1b90bc60 JavaThread "C2 CompilerThread0"         daemon [_thread_blocked, id=7636, stack(0x000000629b700000,0x000000629b800000) (1024K)]
  0x0000016a1b90c470 JavaThread "C1 CompilerThread0"         daemon [_thread_in_vm, id=24816, stack(0x000000629b800000,0x000000629b900000) (1024K)]
  0x0000016a1bd67890 JavaThread "Notification Thread"        daemon [_thread_blocked, id=28040, stack(0x000000629b900000,0x000000629ba00000) (1024K)]
  0x0000016a21d22db0 JavaThread "Daemon health stats"               [_thread_blocked, id=15836, stack(0x000000629bf00000,0x000000629c000000) (1024K)]
  0x0000016a21bfdb40 JavaThread "Incoming local TCP Connector on port 57621"        [_thread_in_native, id=964, stack(0x000000629c000000,0x000000629c100000) (1024K)]
  0x0000016a222e42c0 JavaThread "Daemon periodic checks"            [_thread_blocked, id=14380, stack(0x000000629c100000,0x000000629c200000) (1024K)]
  0x0000016a21eb7ff0 JavaThread "Daemon"                            [_thread_blocked, id=4360, stack(0x000000629c200000,0x000000629c300000) (1024K)]
  0x0000016a21eb97c0 JavaThread "Handler for socket connection from /127.0.0.1:57621 to /127.0.0.1:57622"        [_thread_in_native, id=27896, stack(0x000000629c300000,0x000000629c400000) (1024K)]
  0x0000016a21cb3930 JavaThread "Cancel handler"                    [_thread_blocked, id=27416, stack(0x000000629c500000,0x000000629c600000) (1024K)]
=>0x0000016a21cb6810 JavaThread "Daemon worker"                     [_thread_in_vm, id=8868, stack(0x000000629c600000,0x000000629c700000) (1024K)]
  0x0000016a21cb1220 JavaThread "Asynchronous log dispatcher for DefaultDaemonConnection: socket connection from /127.0.0.1:57621 to /127.0.0.1:57622"        [_thread_blocked, id=15056, stack(0x000000629c700000,0x000000629c800000) (1024K)]
  0x0000016a21cb7f80 JavaThread "Stdin handler"                     [_thread_blocked, id=3844, stack(0x000000629c800000,0x000000629c900000) (1024K)]
  0x0000016a21cb19f0 JavaThread "Daemon client event forwarder"        [_thread_blocked, id=25616, stack(0x000000629c900000,0x000000629ca00000) (1024K)]
  0x0000016a21cb21c0 JavaThread "Cache worker for journal cache (C:\Users\Admin\.gradle\caches\journal-1)"        [_thread_blocked, id=4484, stack(0x000000629ca00000,0x000000629cb00000) (1024K)]
  0x0000016a21cb3160 JavaThread "File lock request listener"        [_thread_in_native, id=4104, stack(0x000000629cb00000,0x000000629cc00000) (1024K)]
  0x0000016a22b8c780 JavaThread "Cache worker for file hash cache (C:\Users\Admin\.gradle\caches\9.5.0\fileHashes)"        [_thread_blocked, id=22856, stack(0x000000629cc00000,0x000000629cd00000) (1024K)]
  0x0000016a22b8a070 JavaThread "Cache worker for file hash cache (D:\baitap\NTU\AndroidProgramming\Project\25TH2507-AndroidProgramming\BaiTH2_1_TinhTong2So\.gradle\9.5.0\fileHashes)"        [_thread_blocked, id=24268, stack(0x000000629cd00000,0x000000629ce00000) (1024K)]
  0x0000016a22b861f0 JavaThread "Cache worker for Build Output Cleanup Cache (D:\baitap\NTU\AndroidProgramming\Project\25TH2507-AndroidProgramming\BaiTH2_1_TinhTong2So\.gradle\buildOutputCleanup)"        [_thread_blocked, id=18332, stack(0x000000629ce00000,0x000000629cf00000) (1024K)]
  0x0000016a22b8b7e0 JavaThread "File watcher server"        daemon [_thread_in_native, id=23584, stack(0x000000629cf00000,0x000000629d000000) (1024K)]
  0x0000016a22b8a840 JavaThread "File watcher consumer"      daemon [_thread_blocked, id=21808, stack(0x000000629d000000,0x000000629d100000) (1024K)]
  0x0000016a22b898a0 JavaThread "jar transforms"                    [_thread_blocked, id=8980, stack(0x000000629d100000,0x000000629d200000) (1024K)]
  0x0000016a23c78c90 JavaThread "jar transforms Thread 2"           [_thread_blocked, id=15828, stack(0x000000629d200000,0x000000629d300000) (1024K)]
  0x0000016a23c7d2e0 JavaThread "jar transforms Thread 3"           [_thread_blocked, id=19984, stack(0x000000629d300000,0x000000629d400000) (1024K)]
  0x0000016a23c7dab0 JavaThread "jar transforms Thread 4"           [_thread_blocked, id=10612, stack(0x000000629d400000,0x000000629d500000) (1024K)]
  0x0000016a23c7e280 JavaThread "jar transforms Thread 5"           [_thread_blocked, id=25488, stack(0x000000629d500000,0x000000629d600000) (1024K)]
  0x0000016a23c7ea50 JavaThread "jar transforms Thread 6"           [_thread_blocked, id=16524, stack(0x000000629d600000,0x000000629d700000) (1024K)]
  0x0000016a23c7a400 JavaThread "Cache worker for file content cache (C:\Users\Admin\.gradle\caches\9.5.0\fileContent)"        [_thread_blocked, id=23264, stack(0x000000629d700000,0x000000629d800000) (1024K)]
  0x0000016a23c7bb70 JavaThread "Cache worker for checksums cache (D:\baitap\NTU\AndroidProgramming\Project\25TH2507-AndroidProgramming\BaiTH2_1_TinhTong2So\.gradle\9.5.0\checksums)"        [_thread_blocked, id=8004, stack(0x000000629d800000,0x000000629d900000) (1024K)]
  0x0000016a23c7c340 JavaThread "Cache worker for cache directory md-supplier (C:\Users\Admin\.gradle\caches\9.5.0\md-supplier)"        [_thread_blocked, id=6132, stack(0x000000629d900000,0x000000629da00000) (1024K)]
  0x0000016a2346ff60 JavaThread "Cache worker for cache directory md-rule (C:\Users\Admin\.gradle\caches\9.5.0\md-rule)"        [_thread_blocked, id=5152, stack(0x000000629da00000,0x000000629db00000) (1024K)]
  0x0000016a2346e020 JavaThread "Build operations"                  [_thread_blocked, id=23700, stack(0x000000629db00000,0x000000629dc00000) (1024K)]
  0x0000016a2346b140 JavaThread "Build operations Thread 2"         [_thread_blocked, id=16812, stack(0x000000629dc00000,0x000000629dd00000) (1024K)]
  0x0000016a23470730 JavaThread "Build operations Thread 3"         [_thread_blocked, id=520, stack(0x000000629dd00000,0x000000629de00000) (1024K)]
  0x0000016a2346f790 JavaThread "Build operations Thread 4"         [_thread_blocked, id=10140, stack(0x000000629de00000,0x000000629df00000) (1024K)]
  0x0000016a24cca800 JavaThread "Build operations Thread 5"         [_thread_blocked, id=5012, stack(0x000000629df00000,0x000000629e000000) (1024K)]
  0x0000016a24ccc740 JavaThread "Build operations Thread 6"         [_thread_blocked, id=14284, stack(0x000000629e000000,0x000000629e100000) (1024K)]
  0x0000016a24ccdeb0 JavaThread "Memory manager"                    [_thread_blocked, id=6224, stack(0x000000629e200000,0x000000629e300000) (1024K)]
  0x0000016a2a61ee20 JavaThread "pool-3-thread-1"                   [_thread_blocked, id=5488, stack(0x000000629e300000,0x000000629e400000) (1024K)]
  0x0000016a2a61fdc0 JavaThread "included builds"                   [_thread_blocked, id=8804, stack(0x000000629e400000,0x000000629e500000) (1024K)]
  0x0000016a2a61f5f0 JavaThread "Execution worker"                  [_thread_blocked, id=15600, stack(0x000000629e500000,0x000000629e600000) (1024K)]
  0x0000016a2a61bf40 JavaThread "Execution worker Thread 2"         [_thread_blocked, id=23760, stack(0x000000629e600000,0x000000629e700000) (1024K)]
  0x0000016a2a61c710 JavaThread "Execution worker Thread 3"         [_thread_blocked, id=8700, stack(0x000000629e700000,0x000000629e800000) (1024K)]
  0x0000016a2a61b770 JavaThread "Execution worker Thread 4"         [_thread_blocked, id=20136, stack(0x000000629e800000,0x000000629e900000) (1024K)]
  0x0000016a2a61cee0 JavaThread "Execution worker Thread 5"         [_thread_blocked, id=20832, stack(0x000000629e900000,0x000000629ea00000) (1024K)]
  0x0000016a23eddf40 JavaThread "Cache worker for execution history cache (D:\baitap\NTU\AndroidProgramming\Project\25TH2507-AndroidProgramming\BaiTH2_1_TinhTong2So\.gradle\9.5.0\executionHistory)"        [_thread_blocked, id=21316, stack(0x000000629ea00000,0x000000629eb00000) (1024K)]
  0x0000016a23edd770 JavaThread "idea-tooling-model-converter"        [_thread_blocked, id=17516, stack(0x000000629eb00000,0x000000629ec00000) (1024K)]
Total: 54

Other Threads:
  0x0000016a1b8a4730 VMThread "VM Thread"                           [id=18324, stack(0x000000629af00000,0x000000629b000000) (1024K)]
  0x0000016a1b8682f0 WatcherThread "VM Periodic Task Thread"        [id=12656, stack(0x000000629ae00000,0x000000629af00000) (1024K)]
  0x0000016a04189270 WorkerThread "GC Thread#0"                     [id=24984, stack(0x000000629a900000,0x000000629aa00000) (1024K)]
  0x0000016a21177750 WorkerThread "GC Thread#1"                     [id=23308, stack(0x000000629ba00000,0x000000629bb00000) (1024K)]
  0x0000016a211444e0 WorkerThread "GC Thread#2"                     [id=25304, stack(0x000000629bb00000,0x000000629bc00000) (1024K)]
  0x0000016a21144910 WorkerThread "GC Thread#3"                     [id=11856, stack(0x000000629bc00000,0x000000629bd00000) (1024K)]
  0x0000016a21144d40 WorkerThread "GC Thread#4"                     [id=12572, stack(0x000000629bd00000,0x000000629be00000) (1024K)]
  0x0000016a21145170 WorkerThread "GC Thread#5"                     [id=7344, stack(0x000000629be00000,0x000000629bf00000) (1024K)]
  0x0000016a041a2340 ConcurrentGCThread "G1 Main Marker"            [id=25404, stack(0x000000629aa00000,0x000000629ab00000) (1024K)]
  0x0000016a041a3050 WorkerThread "G1 Conc#0"                       [id=20860, stack(0x000000629ab00000,0x000000629ac00000) (1024K)]
  0x0000016a20a212a0 WorkerThread "G1 Conc#1"                       [id=17552, stack(0x000000629c400000,0x000000629c500000) (1024K)]
  0x0000016a1b73e100 ConcurrentGCThread "G1 Refine#0"               [id=14676, stack(0x000000629ac00000,0x000000629ad00000) (1024K)]
  0x0000016a1b73e9c0 ConcurrentGCThread "G1 Service"                [id=26436, stack(0x000000629ad00000,0x000000629ae00000) (1024K)]
Total: 13

Threads with active compile tasks:
C1 CompilerThread0  44684 12018       3       kotlin.reflect.jvm.internal.impl.metadata.ProtoBuf$Type$Argument$1::parsePartialFrom (11 bytes)
Total: 1

VM state: not at safepoint (normal execution)

VM Mutex/Monitor currently owned by a thread:  ([mutex/lock_event])
[0x00007ffcbcfe2318] Metaspace_lock - owner thread: 0x0000016a21cb6810

Heap address: 0x0000000080000000, size: 2048 MB, Compressed Oops mode: 32-bit

CDS archive(s) not mapped
Compressed class space mapped at: 0x0000000035000000-0x0000000075000000, reserved size: 1073741824
UseCompressedClassPointers 1, UseCompactObjectHeaders 0
Narrow klass pointer bits 32, Max shift 3
Narrow klass base: 0x0000000000000000, Narrow klass shift: 0
Encoding Range: [0x0000000000000000 - 0x0000000100000000), (4294967296 bytes)
Klass Range:    [0x0000000035000000 - 0x0000000075000000), (1073741824 bytes)
Klass ID Range:  [889192448 - 1962934265) (1073741817)
No protection zone.

GC Precious Log:
 CardTable entry size: 512
 Card Set container configuration: InlinePtr #cards 5 size 8 Array Of Cards #cards 10 size 36 Howl #buckets 4 coarsen threshold 1843 Howl Bitmap #cards 512 size 80 coarsen threshold 460 Card regions per heap region 1 cards per card region 2048
 CPUs: 6 total, 6 available
 Memory: 16316M
 Large Page Support: Disabled
 NUMA Support: Disabled
 Compressed Oops: Enabled (32-bit)
 Heap Region Size: 1M
 Heap Min Capacity: 8M
 Heap Initial Capacity: 256M
 Heap Max Capacity: 2G
 Pre-touch: Disabled
 Parallel Workers: 6
 Concurrent Workers: 2
 Concurrent Refinement Workers: 6
 Periodic GC: Disabled

Heap:
 garbage-first heap   total reserved 2097152K, committed 220160K, used 164734K [0x0000000080000000, 0x0000000100000000)
  region size 1024K, 42 young (43008K), 9 survivors (9216K)

Heap Regions: E=young(eden), S=young(survivor), O=old, HS=humongous(starts), HC=humongous(continues), CS=collection set, F=free, TAMS=top-at-mark-start, PB=parsable bottom
|   0|0x0000000080000000, 0x0000000080100000, 0x0000000080100000|100%|HS|  |TAMS 0x0000000080000000| PB 0x0000000080000000| Complete |  0
|   1|0x0000000080100000, 0x0000000080200000, 0x0000000080200000|100%|HC|  |TAMS 0x0000000080100000| PB 0x0000000080100000| Complete |  0
|   2|0x0000000080200000, 0x0000000080300000, 0x0000000080300000|100%|HC|  |TAMS 0x0000000080200000| PB 0x0000000080200000| Complete |  0
|   3|0x0000000080300000, 0x0000000080400000, 0x0000000080400000|100%|HC|  |TAMS 0x0000000080300000| PB 0x0000000080300000| Complete |  0
|   4|0x0000000080400000, 0x0000000080500000, 0x0000000080500000|100%| O|  |TAMS 0x0000000080400000| PB 0x0000000080400000| Untracked |  0
|   5|0x0000000080500000, 0x0000000080600000, 0x0000000080600000|100%| O|  |TAMS 0x0000000080500000| PB 0x0000000080500000| Untracked |  0
|   6|0x0000000080600000, 0x0000000080700000, 0x0000000080700000|100%|HS|  |TAMS 0x0000000080600000| PB 0x0000000080600000| Complete |  0
|   7|0x0000000080700000, 0x0000000080800000, 0x0000000080800000|100%| O|  |TAMS 0x0000000080700000| PB 0x0000000080700000| Untracked |  0
|   8|0x0000000080800000, 0x0000000080900000, 0x0000000080900000|100%| O|  |TAMS 0x0000000080800000| PB 0x0000000080800000| Untracked |  0
|   9|0x0000000080900000, 0x0000000080a00000, 0x0000000080a00000|100%| O|  |TAMS 0x0000000080900000| PB 0x0000000080900000| Untracked |  0
|  10|0x0000000080a00000, 0x0000000080b00000, 0x0000000080b00000|100%| O|  |TAMS 0x0000000080a00000| PB 0x0000000080a00000| Untracked |  0
|  11|0x0000000080b00000, 0x0000000080c00000, 0x0000000080c00000|100%| O|  |TAMS 0x0000000080b00000| PB 0x0000000080b00000| Untracked |  0
|  12|0x0000000080c00000, 0x0000000080d00000, 0x0000000080d00000|100%| O|  |TAMS 0x0000000080c00000| PB 0x0000000080c00000| Untracked |  0
|  13|0x0000000080d00000, 0x0000000080e00000, 0x0000000080e00000|100%| O|  |TAMS 0x0000000080d00000| PB 0x0000000080d00000| Untracked |  0
|  14|0x0000000080e00000, 0x0000000080f00000, 0x0000000080f00000|100%| O|  |TAMS 0x0000000080e00000| PB 0x0000000080e00000| Untracked |  0
|  15|0x0000000080f00000, 0x0000000081000000, 0x0000000081000000|100%| O|  |TAMS 0x0000000080f00000| PB 0x0000000080f00000| Untracked |  0
|  16|0x0000000081000000, 0x0000000081100000, 0x0000000081100000|100%| O|  |TAMS 0x0000000081000000| PB 0x0000000081000000| Untracked |  0
|  17|0x0000000081100000, 0x0000000081200000, 0x0000000081200000|100%|HS|  |TAMS 0x0000000081100000| PB 0x0000000081100000| Complete |  0
|  18|0x0000000081200000, 0x0000000081300000, 0x0000000081300000|100%|HC|  |TAMS 0x0000000081200000| PB 0x0000000081200000| Complete |  0
|  19|0x0000000081300000, 0x0000000081400000, 0x0000000081400000|100%|HC|  |TAMS 0x0000000081300000| PB 0x0000000081300000| Complete |  0
|  20|0x0000000081400000, 0x0000000081500000, 0x0000000081500000|100%|HC|  |TAMS 0x0000000081400000| PB 0x0000000081400000| Complete |  0
|  21|0x0000000081500000, 0x0000000081600000, 0x0000000081600000|100%|HC|  |TAMS 0x0000000081500000| PB 0x0000000081500000| Complete |  0
|  22|0x0000000081600000, 0x0000000081700000, 0x0000000081700000|100%|HC|  |TAMS 0x0000000081600000| PB 0x0000000081600000| Complete |  0
|  23|0x0000000081700000, 0x0000000081800000, 0x0000000081800000|100%|HS|  |TAMS 0x0000000081700000| PB 0x0000000081700000| Complete |  0
|  24|0x0000000081800000, 0x0000000081900000, 0x0000000081900000|100%|HS|  |TAMS 0x0000000081800000| PB 0x0000000081800000| Complete |  0
|  25|0x0000000081900000, 0x0000000081a00000, 0x0000000081a00000|100%|HS|  |TAMS 0x0000000081900000| PB 0x0000000081900000| Complete |  0
|  26|0x0000000081a00000, 0x0000000081b00000, 0x0000000081b00000|100%|HC|  |TAMS 0x0000000081a00000| PB 0x0000000081a00000| Complete |  0
|  27|0x0000000081b00000, 0x0000000081c00000, 0x0000000081c00000|100%|HC|  |TAMS 0x0000000081b00000| PB 0x0000000081b00000| Complete |  0
|  28|0x0000000081c00000, 0x0000000081d00000, 0x0000000081d00000|100%|HC|  |TAMS 0x0000000081c00000| PB 0x0000000081c00000| Complete |  0
|  29|0x0000000081d00000, 0x0000000081e00000, 0x0000000081e00000|100%|HC|  |TAMS 0x0000000081d00000| PB 0x0000000081d00000| Complete |  0
|  30|0x0000000081e00000, 0x0000000081f00000, 0x0000000081f00000|100%|HC|  |TAMS 0x0000000081e00000| PB 0x0000000081e00000| Complete |  0
|  31|0x0000000081f00000, 0x0000000082000000, 0x0000000082000000|100%|HS|  |TAMS 0x0000000081f00000| PB 0x0000000081f00000| Complete |  0
|  32|0x0000000082000000, 0x0000000082100000, 0x0000000082100000|100%|HS|  |TAMS 0x0000000082000000| PB 0x0000000082000000| Complete |  0
|  33|0x0000000082100000, 0x0000000082200000, 0x0000000082200000|100%| O|  |TAMS 0x0000000082100000| PB 0x0000000082100000| Untracked |  0
|  34|0x0000000082200000, 0x0000000082300000, 0x0000000082300000|100%| O|  |TAMS 0x0000000082200000| PB 0x0000000082200000| Untracked |  0
|  35|0x0000000082300000, 0x0000000082400000, 0x0000000082400000|100%| O|  |TAMS 0x0000000082300000| PB 0x0000000082300000| Untracked |  0
|  36|0x0000000082400000, 0x0000000082500000, 0x0000000082500000|100%| O|  |TAMS 0x0000000082400000| PB 0x0000000082400000| Untracked |  0
|  37|0x0000000082500000, 0x0000000082600000, 0x0000000082600000|100%| O|  |TAMS 0x0000000082500000| PB 0x0000000082500000| Untracked |  0
|  38|0x0000000082600000, 0x0000000082700000, 0x0000000082700000|100%| O|  |TAMS 0x0000000082600000| PB 0x0000000082600000| Untracked |  0
|  39|0x0000000082700000, 0x0000000082800000, 0x0000000082800000|100%| O|  |TAMS 0x0000000082700000| PB 0x0000000082700000| Untracked |  0
|  40|0x0000000082800000, 0x0000000082900000, 0x0000000082900000|100%| O|  |TAMS 0x0000000082800000| PB 0x0000000082800000| Untracked |  0
|  41|0x0000000082900000, 0x0000000082a00000, 0x0000000082a00000|100%| O|  |TAMS 0x0000000082900000| PB 0x0000000082900000| Untracked |  0
|  42|0x0000000082a00000, 0x0000000082b00000, 0x0000000082b00000|100%| O|  |TAMS 0x0000000082a00000| PB 0x0000000082a00000| Untracked |  0
|  43|0x0000000082b00000, 0x0000000082c00000, 0x0000000082c00000|100%| O|  |TAMS 0x0000000082b00000| PB 0x0000000082b00000| Untracked |  0
|  44|0x0000000082c00000, 0x0000000082d00000, 0x0000000082d00000|100%| O|  |TAMS 0x0000000082c00000| PB 0x0000000082c00000| Untracked |  0
|  45|0x0000000082d00000, 0x0000000082e00000, 0x0000000082e00000|100%| O|  |TAMS 0x0000000082d00000| PB 0x0000000082d00000| Untracked |  0
|  46|0x0000000082e00000, 0x0000000082f00000, 0x0000000082f00000|100%| O|  |TAMS 0x0000000082e00000| PB 0x0000000082e00000| Untracked |  0
|  47|0x0000000082f00000, 0x0000000083000000, 0x0000000083000000|100%| O|  |TAMS 0x0000000082f00000| PB 0x0000000082f00000| Untracked |  0
|  48|0x0000000083000000, 0x0000000083100000, 0x0000000083100000|100%| O|  |TAMS 0x0000000083000000| PB 0x0000000083000000| Untracked |  0
|  49|0x0000000083100000, 0x0000000083200000, 0x0000000083200000|100%| O|  |TAMS 0x0000000083100000| PB 0x0000000083100000| Untracked |  0
|  50|0x0000000083200000, 0x00000000832df880, 0x0000000083300000| 87%| O|  |TAMS 0x0000000083200000| PB 0x0000000083200000| Untracked |  0
|  51|0x0000000083300000, 0x0000000083400000, 0x0000000083400000|100%| O|  |TAMS 0x0000000083300000| PB 0x0000000083300000| Untracked |  0
|  52|0x0000000083400000, 0x0000000083500000, 0x0000000083500000|100%| O|  |TAMS 0x0000000083400000| PB 0x0000000083400000| Untracked |  0
|  53|0x0000000083500000, 0x0000000083600000, 0x0000000083600000|100%| O|  |TAMS 0x0000000083500000| PB 0x0000000083500000| Untracked |  0
|  54|0x0000000083600000, 0x0000000083700000, 0x0000000083700000|100%| O|  |TAMS 0x0000000083600000| PB 0x0000000083600000| Untracked |  0
|  55|0x0000000083700000, 0x0000000083800000, 0x0000000083800000|100%| O|  |TAMS 0x0000000083700000| PB 0x0000000083700000| Untracked |  0
|  56|0x0000000083800000, 0x0000000083900000, 0x0000000083900000|100%| O|  |TAMS 0x0000000083800000| PB 0x0000000083800000| Untracked |  0
|  57|0x0000000083900000, 0x0000000083a00000, 0x0000000083a00000|100%| O|  |TAMS 0x0000000083900000| PB 0x0000000083900000| Untracked |  0
|  58|0x0000000083a00000, 0x0000000083b00000, 0x0000000083b00000|100%| O|  |TAMS 0x0000000083a00000| PB 0x0000000083a00000| Untracked |  0
|  59|0x0000000083b00000, 0x0000000083c00000, 0x0000000083c00000|100%| O|  |TAMS 0x0000000083b00000| PB 0x0000000083b00000| Untracked |  0
|  60|0x0000000083c00000, 0x0000000083d00000, 0x0000000083d00000|100%| O|  |TAMS 0x0000000083c00000| PB 0x0000000083c00000| Untracked |  0
|  61|0x0000000083d00000, 0x0000000083e00000, 0x0000000083e00000|100%|HS|  |TAMS 0x0000000083d00000| PB 0x0000000083d00000| Complete |  0
|  62|0x0000000083e00000, 0x0000000083f00000, 0x0000000083f00000|100%| O|  |TAMS 0x0000000083e00000| PB 0x0000000083e00000| Untracked |  0
|  63|0x0000000083f00000, 0x0000000084000000, 0x0000000084000000|100%|HS|  |TAMS 0x0000000083f00000| PB 0x0000000083f00000| Complete |  0
|  64|0x0000000084000000, 0x0000000084100000, 0x0000000084100000|100%|HS|  |TAMS 0x0000000084000000| PB 0x0000000084000000| Complete |  0
|  65|0x0000000084100000, 0x0000000084200000, 0x0000000084200000|100%|HS|  |TAMS 0x0000000084100000| PB 0x0000000084100000| Complete |  0
|  66|0x0000000084200000, 0x0000000084300000, 0x0000000084300000|100%|HC|  |TAMS 0x0000000084200000| PB 0x0000000084200000| Complete |  0
|  67|0x0000000084300000, 0x0000000084400000, 0x0000000084400000|100%| O|  |TAMS 0x0000000084300000| PB 0x0000000084300000| Untracked |  0
|  68|0x0000000084400000, 0x0000000084500000, 0x0000000084500000|100%|HS|  |TAMS 0x0000000084400000| PB 0x0000000084400000| Complete |  0
|  69|0x0000000084500000, 0x0000000084600000, 0x0000000084600000|100%| O|  |TAMS 0x0000000084500000| PB 0x0000000084500000| Untracked |  0
|  70|0x0000000084600000, 0x0000000084700000, 0x0000000084700000|100%| O|  |TAMS 0x0000000084600000| PB 0x0000000084600000| Untracked |  0
|  71|0x0000000084700000, 0x0000000084800000, 0x0000000084800000|100%|HS|  |TAMS 0x0000000084700000| PB 0x0000000084700000| Complete |  0
|  72|0x0000000084800000, 0x0000000084900000, 0x0000000084900000|100%|HS|  |TAMS 0x0000000084800000| PB 0x0000000084800000| Complete |  0
|  73|0x0000000084900000, 0x0000000084a00000, 0x0000000084a00000|100%| O|  |TAMS 0x0000000084900000| PB 0x0000000084900000| Untracked |  0
|  74|0x0000000084a00000, 0x0000000084b00000, 0x0000000084b00000|100%|HS|  |TAMS 0x0000000084a00000| PB 0x0000000084a00000| Complete |  0
|  75|0x0000000084b00000, 0x0000000084c00000, 0x0000000084c00000|100%| O|  |TAMS 0x0000000084b00000| PB 0x0000000084b00000| Untracked |  0
|  76|0x0000000084c00000, 0x0000000084d00000, 0x0000000084d00000|100%| O|  |TAMS 0x0000000084c00000| PB 0x0000000084c00000| Untracked |  0
|  77|0x0000000084d00000, 0x0000000084e00000, 0x0000000084e00000|100%| O|  |TAMS 0x0000000084d00000| PB 0x0000000084d00000| Untracked |  0
|  78|0x0000000084e00000, 0x0000000084f00000, 0x0000000084f00000|100%| O|  |TAMS 0x0000000084e00000| PB 0x0000000084e00000| Untracked |  0
|  79|0x0000000084f00000, 0x0000000085000000, 0x0000000085000000|100%| O|  |TAMS 0x0000000084f00000| PB 0x0000000084f00000| Untracked |  0
|  80|0x0000000085000000, 0x0000000085100000, 0x0000000085100000|100%|HS|  |TAMS 0x0000000085000000| PB 0x0000000085000000| Complete |  0
|  81|0x0000000085100000, 0x0000000085200000, 0x0000000085200000|100%| O|  |TAMS 0x0000000085100000| PB 0x0000000085100000| Untracked |  0
|  82|0x0000000085200000, 0x0000000085300000, 0x0000000085300000|100%|HS|  |TAMS 0x0000000085200000| PB 0x0000000085200000| Complete |  0
|  83|0x0000000085300000, 0x0000000085400000, 0x0000000085400000|100%|HC|  |TAMS 0x0000000085300000| PB 0x0000000085300000| Complete |  0
|  84|0x0000000085400000, 0x0000000085500000, 0x0000000085500000|100%| O|  |TAMS 0x0000000085400000| PB 0x0000000085400000| Untracked |  0
|  85|0x0000000085500000, 0x0000000085600000, 0x0000000085600000|100%| O|  |TAMS 0x0000000085500000| PB 0x0000000085500000| Untracked |  0
|  86|0x0000000085600000, 0x0000000085700000, 0x0000000085700000|100%|HS|  |TAMS 0x0000000085600000| PB 0x0000000085600000| Complete |  0
|  87|0x0000000085700000, 0x0000000085800000, 0x0000000085800000|100%| O|  |TAMS 0x0000000085700000| PB 0x0000000085700000| Untracked |  0
|  88|0x0000000085800000, 0x0000000085900000, 0x0000000085900000|100%| O|  |TAMS 0x0000000085800000| PB 0x0000000085800000| Untracked |  0
|  89|0x0000000085900000, 0x0000000085a00000, 0x0000000085a00000|100%| O|  |TAMS 0x0000000085900000| PB 0x0000000085900000| Untracked |  0
|  90|0x0000000085a00000, 0x0000000085b00000, 0x0000000085b00000|100%| O|  |TAMS 0x0000000085a00000| PB 0x0000000085a00000| Untracked |  0
|  91|0x0000000085b00000, 0x0000000085c00000, 0x0000000085c00000|100%| O|  |TAMS 0x0000000085b00000| PB 0x0000000085b00000| Untracked |  0
|  92|0x0000000085c00000, 0x0000000085d00000, 0x0000000085d00000|100%| O|  |TAMS 0x0000000085c00000| PB 0x0000000085c00000| Untracked |  0
|  93|0x0000000085d00000, 0x0000000085d00000, 0x0000000085e00000|  0%| F|  |TAMS 0x0000000085d00000| PB 0x0000000085d00000| Untracked |  0
|  94|0x0000000085e00000, 0x0000000085f00000, 0x0000000085f00000|100%| O|  |TAMS 0x0000000085e00000| PB 0x0000000085e00000| Untracked |  0
|  95|0x0000000085f00000, 0x0000000086000000, 0x0000000086000000|100%| O|  |TAMS 0x0000000085f00000| PB 0x0000000085f00000| Untracked |  0
|  96|0x0000000086000000, 0x0000000086100000, 0x0000000086100000|100%| O|Cm|TAMS 0x0000000086000000| PB 0x0000000086000000| Complete |  0
|  97|0x0000000086100000, 0x0000000086200000, 0x0000000086200000|100%| O|  |TAMS 0x0000000086100000| PB 0x0000000086100000| Untracked |  0
|  98|0x0000000086200000, 0x0000000086300000, 0x0000000086300000|100%| O|  |TAMS 0x0000000086200000| PB 0x0000000086200000| Untracked |  0
|  99|0x0000000086300000, 0x0000000086400000, 0x0000000086400000|100%| O|  |TAMS 0x0000000086300000| PB 0x0000000086300000| Untracked |  0
| 100|0x0000000086400000, 0x0000000086500000, 0x0000000086500000|100%| O|  |TAMS 0x0000000086400000| PB 0x0000000086400000| Untracked |  0
| 101|0x0000000086500000, 0x0000000086600000, 0x0000000086600000|100%| O|  |TAMS 0x0000000086500000| PB 0x0000000086500000| Untracked |  0
| 102|0x0000000086600000, 0x0000000086700000, 0x0000000086700000|100%| O|  |TAMS 0x0000000086600000| PB 0x0000000086600000| Untracked |  0
| 103|0x0000000086700000, 0x0000000086800000, 0x0000000086800000|100%| O|Cm|TAMS 0x0000000086700000| PB 0x0000000086700000| Complete |  0
| 104|0x0000000086800000, 0x0000000086800000, 0x0000000086900000|  0%| F|  |TAMS 0x0000000086800000| PB 0x0000000086800000| Untracked |  0
| 105|0x0000000086900000, 0x0000000086a00000, 0x0000000086a00000|100%| O|  |TAMS 0x0000000086900000| PB 0x0000000086900000| Untracked |  0
| 106|0x0000000086a00000, 0x0000000086b00000, 0x0000000086b00000|100%| O|  |TAMS 0x0000000086a00000| PB 0x0000000086a00000| Untracked |  0
| 107|0x0000000086b00000, 0x0000000086c00000, 0x0000000086c00000|100%| O|  |TAMS 0x0000000086b00000| PB 0x0000000086b00000| Untracked |  0
| 108|0x0000000086c00000, 0x0000000086c00000, 0x0000000086d00000|  0%| F|  |TAMS 0x0000000086c00000| PB 0x0000000086c00000| Untracked |  0
| 109|0x0000000086d00000, 0x0000000086d00000, 0x0000000086e00000|  0%| F|  |TAMS 0x0000000086d00000| PB 0x0000000086d00000| Untracked |  0
| 110|0x0000000086e00000, 0x0000000086e00000, 0x0000000086f00000|  0%| F|  |TAMS 0x0000000086e00000| PB 0x0000000086e00000| Untracked |  0
| 111|0x0000000086f00000, 0x0000000086f00000, 0x0000000087000000|  0%| F|  |TAMS 0x0000000086f00000| PB 0x0000000086f00000| Untracked |  0
| 112|0x0000000087000000, 0x0000000087000000, 0x0000000087100000|  0%| F|  |TAMS 0x0000000087000000| PB 0x0000000087000000| Untracked |  0
| 113|0x0000000087100000, 0x0000000087100000, 0x0000000087200000|  0%| F|  |TAMS 0x0000000087100000| PB 0x0000000087100000| Untracked |  0
| 114|0x0000000087200000, 0x0000000087200000, 0x0000000087300000|  0%| F|  |TAMS 0x0000000087200000| PB 0x0000000087200000| Untracked |  0
| 115|0x0000000087300000, 0x0000000087300000, 0x0000000087400000|  0%| F|  |TAMS 0x0000000087300000| PB 0x0000000087300000| Untracked |  0
| 116|0x0000000087400000, 0x0000000087500000, 0x0000000087500000|100%| S|CS|TAMS 0x0000000087400000| PB 0x0000000087400000| Complete |  0
| 117|0x0000000087500000, 0x0000000087600000, 0x0000000087600000|100%| S|CS|TAMS 0x0000000087500000| PB 0x0000000087500000| Complete |  0
| 118|0x0000000087600000, 0x0000000087700000, 0x0000000087700000|100%| S|CS|TAMS 0x0000000087600000| PB 0x0000000087600000| Complete |  0
| 119|0x0000000087700000, 0x0000000087800000, 0x0000000087800000|100%| S|CS|TAMS 0x0000000087700000| PB 0x0000000087700000| Complete |  0
| 120|0x0000000087800000, 0x0000000087900000, 0x0000000087900000|100%| S|CS|TAMS 0x0000000087800000| PB 0x0000000087800000| Complete |  0
| 121|0x0000000087900000, 0x0000000087a00000, 0x0000000087a00000|100%| S|CS|TAMS 0x0000000087900000| PB 0x0000000087900000| Complete |  0
| 122|0x0000000087a00000, 0x0000000087b00000, 0x0000000087b00000|100%| S|CS|TAMS 0x0000000087a00000| PB 0x0000000087a00000| Complete |  0
| 123|0x0000000087b00000, 0x0000000087c00000, 0x0000000087c00000|100%| S|CS|TAMS 0x0000000087b00000| PB 0x0000000087b00000| Complete |  0
| 124|0x0000000087c00000, 0x0000000087d00000, 0x0000000087d00000|100%| S|CS|TAMS 0x0000000087c00000| PB 0x0000000087c00000| Complete |  0
| 125|0x0000000087d00000, 0x0000000087d00000, 0x0000000087e00000|  0%| F|  |TAMS 0x0000000087d00000| PB 0x0000000087d00000| Untracked |  0
| 126|0x0000000087e00000, 0x0000000087e00000, 0x0000000087f00000|  0%| F|  |TAMS 0x0000000087e00000| PB 0x0000000087e00000| Untracked |  0
| 127|0x0000000087f00000, 0x0000000087f00000, 0x0000000088000000|  0%| F|  |TAMS 0x0000000087f00000| PB 0x0000000087f00000| Untracked |  0
| 128|0x0000000088000000, 0x0000000088000000, 0x0000000088100000|  0%| F|  |TAMS 0x0000000088000000| PB 0x0000000088000000| Untracked |  0
| 129|0x0000000088100000, 0x0000000088100000, 0x0000000088200000|  0%| F|  |TAMS 0x0000000088100000| PB 0x0000000088100000| Untracked |  0
| 130|0x0000000088200000, 0x0000000088200000, 0x0000000088300000|  0%| F|  |TAMS 0x0000000088200000| PB 0x0000000088200000| Untracked |  0
| 131|0x0000000088300000, 0x0000000088300000, 0x0000000088400000|  0%| F|  |TAMS 0x0000000088300000| PB 0x0000000088300000| Untracked |  0
| 132|0x0000000088400000, 0x0000000088400000, 0x0000000088500000|  0%| F|  |TAMS 0x0000000088400000| PB 0x0000000088400000| Untracked |  0
| 133|0x0000000088500000, 0x0000000088500000, 0x0000000088600000|  0%| F|  |TAMS 0x0000000088500000| PB 0x0000000088500000| Untracked |  0
| 134|0x0000000088600000, 0x0000000088600000, 0x0000000088700000|  0%| F|  |TAMS 0x0000000088600000| PB 0x0000000088600000| Untracked |  0
| 135|0x0000000088700000, 0x0000000088700000, 0x0000000088800000|  0%| F|  |TAMS 0x0000000088700000| PB 0x0000000088700000| Untracked |  0
| 136|0x0000000088800000, 0x0000000088800000, 0x0000000088900000|  0%| F|  |TAMS 0x0000000088800000| PB 0x0000000088800000| Untracked |  0
| 137|0x0000000088900000, 0x0000000088900000, 0x0000000088a00000|  0%| F|  |TAMS 0x0000000088900000| PB 0x0000000088900000| Untracked |  0
| 138|0x0000000088a00000, 0x0000000088a00000, 0x0000000088b00000|  0%| F|  |TAMS 0x0000000088a00000| PB 0x0000000088a00000| Untracked |  0
| 139|0x0000000088b00000, 0x0000000088b00000, 0x0000000088c00000|  0%| F|  |TAMS 0x0000000088b00000| PB 0x0000000088b00000| Untracked |  0
| 140|0x0000000088c00000, 0x0000000088c00000, 0x0000000088d00000|  0%| F|  |TAMS 0x0000000088c00000| PB 0x0000000088c00000| Untracked |  0
| 141|0x0000000088d00000, 0x0000000088d00000, 0x0000000088e00000|  0%| F|  |TAMS 0x0000000088d00000| PB 0x0000000088d00000| Untracked |  0
| 142|0x0000000088e00000, 0x0000000088e00000, 0x0000000088f00000|  0%| F|  |TAMS 0x0000000088e00000| PB 0x0000000088e00000| Untracked |  0
| 143|0x0000000088f00000, 0x0000000088f00000, 0x0000000089000000|  0%| F|  |TAMS 0x0000000088f00000| PB 0x0000000088f00000| Untracked |  0
| 144|0x0000000089000000, 0x0000000089000000, 0x0000000089100000|  0%| F|  |TAMS 0x0000000089000000| PB 0x0000000089000000| Untracked |  0
| 145|0x0000000089100000, 0x0000000089100000, 0x0000000089200000|  0%| F|  |TAMS 0x0000000089100000| PB 0x0000000089100000| Untracked |  0
| 146|0x0000000089200000, 0x0000000089200000, 0x0000000089300000|  0%| F|  |TAMS 0x0000000089200000| PB 0x0000000089200000| Untracked |  0
| 147|0x0000000089300000, 0x0000000089300000, 0x0000000089400000|  0%| F|  |TAMS 0x0000000089300000| PB 0x0000000089300000| Untracked |  0
| 148|0x0000000089400000, 0x0000000089400000, 0x0000000089500000|  0%| F|  |TAMS 0x0000000089400000| PB 0x0000000089400000| Untracked |  0
| 149|0x0000000089500000, 0x0000000089500000, 0x0000000089600000|  0%| F|  |TAMS 0x0000000089500000| PB 0x0000000089500000| Untracked |  0
| 150|0x0000000089600000, 0x0000000089600000, 0x0000000089700000|  0%| F|  |TAMS 0x0000000089600000| PB 0x0000000089600000| Untracked |  0
| 151|0x0000000089700000, 0x0000000089700000, 0x0000000089800000|  0%| F|  |TAMS 0x0000000089700000| PB 0x0000000089700000| Untracked |  0
| 152|0x0000000089800000, 0x0000000089800000, 0x0000000089900000|  0%| F|  |TAMS 0x0000000089800000| PB 0x0000000089800000| Untracked |  0
| 153|0x0000000089900000, 0x0000000089900000, 0x0000000089a00000|  0%| F|  |TAMS 0x0000000089900000| PB 0x0000000089900000| Untracked |  0
| 154|0x0000000089a00000, 0x0000000089a00000, 0x0000000089b00000|  0%| F|  |TAMS 0x0000000089a00000| PB 0x0000000089a00000| Untracked |  0
| 155|0x0000000089b00000, 0x0000000089b00000, 0x0000000089c00000|  0%| F|  |TAMS 0x0000000089b00000| PB 0x0000000089b00000| Untracked |  0
| 156|0x0000000089c00000, 0x0000000089c00000, 0x0000000089d00000|  0%| F|  |TAMS 0x0000000089c00000| PB 0x0000000089c00000| Untracked |  0
| 157|0x0000000089d00000, 0x0000000089d00000, 0x0000000089e00000|  0%| F|  |TAMS 0x0000000089d00000| PB 0x0000000089d00000| Untracked |  0
| 158|0x0000000089e00000, 0x0000000089e00000, 0x0000000089f00000|  0%| F|  |TAMS 0x0000000089e00000| PB 0x0000000089e00000| Untracked |  0
| 159|0x0000000089f00000, 0x0000000089f00000, 0x000000008a000000|  0%| F|  |TAMS 0x0000000089f00000| PB 0x0000000089f00000| Untracked |  0
| 160|0x000000008a000000, 0x000000008a000000, 0x000000008a100000|  0%| F|  |TAMS 0x000000008a000000| PB 0x000000008a000000| Untracked |  0
| 161|0x000000008a100000, 0x000000008a100000, 0x000000008a200000|  0%| F|  |TAMS 0x000000008a100000| PB 0x000000008a100000| Untracked |  0
| 162|0x000000008a200000, 0x000000008a200000, 0x000000008a300000|  0%| F|  |TAMS 0x000000008a200000| PB 0x000000008a200000| Untracked |  0
| 163|0x000000008a300000, 0x000000008a300000, 0x000000008a400000|  0%| F|  |TAMS 0x000000008a300000| PB 0x000000008a300000| Untracked |  0
| 164|0x000000008a400000, 0x000000008a400000, 0x000000008a500000|  0%| F|  |TAMS 0x000000008a400000| PB 0x000000008a400000| Untracked |  0
| 165|0x000000008a500000, 0x000000008a500000, 0x000000008a600000|  0%| F|  |TAMS 0x000000008a500000| PB 0x000000008a500000| Untracked |  0
| 166|0x000000008a600000, 0x000000008a600000, 0x000000008a700000|  0%| F|  |TAMS 0x000000008a600000| PB 0x000000008a600000| Untracked |  0
| 167|0x000000008a700000, 0x000000008a700000, 0x000000008a800000|  0%| F|  |TAMS 0x000000008a700000| PB 0x000000008a700000| Untracked |  0
| 168|0x000000008a800000, 0x000000008a890eb8, 0x000000008a900000| 56%| E|  |TAMS 0x000000008a800000| PB 0x000000008a800000| Complete |  0
| 169|0x000000008a900000, 0x000000008aa00000, 0x000000008aa00000|100%| E|CS|TAMS 0x000000008a900000| PB 0x000000008a900000| Complete |  0
| 170|0x000000008aa00000, 0x000000008ab00000, 0x000000008ab00000|100%| E|CS|TAMS 0x000000008aa00000| PB 0x000000008aa00000| Complete |  0
| 171|0x000000008ab00000, 0x000000008ac00000, 0x000000008ac00000|100%| E|CS|TAMS 0x000000008ab00000| PB 0x000000008ab00000| Complete |  0
| 172|0x000000008ac00000, 0x000000008ad00000, 0x000000008ad00000|100%| E|CS|TAMS 0x000000008ac00000| PB 0x000000008ac00000| Complete |  0
| 173|0x000000008ad00000, 0x000000008ae00000, 0x000000008ae00000|100%| E|CS|TAMS 0x000000008ad00000| PB 0x000000008ad00000| Complete |  0
| 174|0x000000008ae00000, 0x000000008af00000, 0x000000008af00000|100%| E|CS|TAMS 0x000000008ae00000| PB 0x000000008ae00000| Complete |  0
| 175|0x000000008af00000, 0x000000008b000000, 0x000000008b000000|100%| E|CS|TAMS 0x000000008af00000| PB 0x000000008af00000| Complete |  0
| 176|0x000000008b000000, 0x000000008b100000, 0x000000008b100000|100%| E|CS|TAMS 0x000000008b000000| PB 0x000000008b000000| Complete |  0
| 177|0x000000008b100000, 0x000000008b200000, 0x000000008b200000|100%| E|CS|TAMS 0x000000008b100000| PB 0x000000008b100000| Complete |  0
| 178|0x000000008b200000, 0x000000008b300000, 0x000000008b300000|100%| E|CS|TAMS 0x000000008b200000| PB 0x000000008b200000| Complete |  0
| 179|0x000000008b300000, 0x000000008b400000, 0x000000008b400000|100%| E|CS|TAMS 0x000000008b300000| PB 0x000000008b300000| Complete |  0
| 180|0x000000008b400000, 0x000000008b500000, 0x000000008b500000|100%| E|CS|TAMS 0x000000008b400000| PB 0x000000008b400000| Complete |  0
| 181|0x000000008b500000, 0x000000008b600000, 0x000000008b600000|100%| E|CS|TAMS 0x000000008b500000| PB 0x000000008b500000| Complete |  0
| 182|0x000000008b600000, 0x000000008b700000, 0x000000008b700000|100%| E|CS|TAMS 0x000000008b600000| PB 0x000000008b600000| Complete |  0
| 183|0x000000008b700000, 0x000000008b800000, 0x000000008b800000|100%| E|CS|TAMS 0x000000008b700000| PB 0x000000008b700000| Complete |  0
| 184|0x000000008b800000, 0x000000008b900000, 0x000000008b900000|100%| E|CS|TAMS 0x000000008b800000| PB 0x000000008b800000| Complete |  0
| 185|0x000000008b900000, 0x000000008ba00000, 0x000000008ba00000|100%| E|CS|TAMS 0x000000008b900000| PB 0x000000008b900000| Complete |  0
| 186|0x000000008ba00000, 0x000000008bb00000, 0x000000008bb00000|100%| E|CS|TAMS 0x000000008ba00000| PB 0x000000008ba00000| Complete |  0
| 187|0x000000008bb00000, 0x000000008bc00000, 0x000000008bc00000|100%| E|CS|TAMS 0x000000008bb00000| PB 0x000000008bb00000| Complete |  0
| 188|0x000000008bc00000, 0x000000008bd00000, 0x000000008bd00000|100%| E|CS|TAMS 0x000000008bc00000| PB 0x000000008bc00000| Complete |  0
| 189|0x000000008bd00000, 0x000000008be00000, 0x000000008be00000|100%| E|CS|TAMS 0x000000008bd00000| PB 0x000000008bd00000| Complete |  0
| 190|0x000000008be00000, 0x000000008bf00000, 0x000000008bf00000|100%| E|CS|TAMS 0x000000008be00000| PB 0x000000008be00000| Complete |  0
| 191|0x000000008bf00000, 0x000000008c000000, 0x000000008c000000|100%| E|CS|TAMS 0x000000008bf00000| PB 0x000000008bf00000| Complete |  0
| 192|0x000000008c000000, 0x000000008c100000, 0x000000008c100000|100%| E|CS|TAMS 0x000000008c000000| PB 0x000000008c000000| Complete |  0
| 193|0x000000008c100000, 0x000000008c200000, 0x000000008c200000|100%| E|CS|TAMS 0x000000008c100000| PB 0x000000008c100000| Complete |  0
| 194|0x000000008c200000, 0x000000008c300000, 0x000000008c300000|100%| E|CS|TAMS 0x000000008c200000| PB 0x000000008c200000| Complete |  0
| 195|0x000000008c300000, 0x000000008c400000, 0x000000008c400000|100%| E|CS|TAMS 0x000000008c300000| PB 0x000000008c300000| Complete |  0
| 196|0x000000008c400000, 0x000000008c500000, 0x000000008c500000|100%| E|CS|TAMS 0x000000008c400000| PB 0x000000008c400000| Complete |  0
| 255|0x000000008ff00000, 0x0000000090000000, 0x0000000090000000|100%| E|CS|TAMS 0x000000008ff00000| PB 0x000000008ff00000| Complete |  0
|2031|0x00000000fef00000, 0x00000000ff000000, 0x00000000ff000000|100%| O|  |TAMS 0x00000000fef00000| PB 0x00000000fef00000| Untracked |  0
|2032|0x00000000ff000000, 0x00000000ff100000, 0x00000000ff100000|100%| O|  |TAMS 0x00000000ff000000| PB 0x00000000ff000000| Untracked |  0
|2033|0x00000000ff100000, 0x00000000ff200000, 0x00000000ff200000|100%| O|  |TAMS 0x00000000ff100000| PB 0x00000000ff100000| Untracked |  0
|2034|0x00000000ff200000, 0x00000000ff300000, 0x00000000ff300000|100%| O|  |TAMS 0x00000000ff200000| PB 0x00000000ff200000| Untracked |  0
|2035|0x00000000ff300000, 0x00000000ff400000, 0x00000000ff400000|100%| O|  |TAMS 0x00000000ff300000| PB 0x00000000ff300000| Untracked |  0
|2036|0x00000000ff400000, 0x00000000ff500000, 0x00000000ff500000|100%| O|  |TAMS 0x00000000ff400000| PB 0x00000000ff400000| Untracked |  0
|2037|0x00000000ff500000, 0x00000000ff600000, 0x00000000ff600000|100%| E|CS|TAMS 0x00000000ff500000| PB 0x00000000ff500000| Complete |  0
|2038|0x00000000ff600000, 0x00000000ff700000, 0x00000000ff700000|100%| O|  |TAMS 0x00000000ff600000| PB 0x00000000ff600000| Untracked |  0
|2039|0x00000000ff700000, 0x00000000ff800000, 0x00000000ff800000|100%| O|  |TAMS 0x00000000ff700000| PB 0x00000000ff700000| Untracked |  0
|2040|0x00000000ff800000, 0x00000000ff900000, 0x00000000ff900000|100%| E|CS|TAMS 0x00000000ff800000| PB 0x00000000ff800000| Complete |  0
|2041|0x00000000ff900000, 0x00000000ffa00000, 0x00000000ffa00000|100%| E|CS|TAMS 0x00000000ff900000| PB 0x00000000ff900000| Complete |  0
|2042|0x00000000ffa00000, 0x00000000ffb00000, 0x00000000ffb00000|100%| O|  |TAMS 0x00000000ffa00000| PB 0x00000000ffa00000| Untracked |  0
|2043|0x00000000ffb00000, 0x00000000ffc00000, 0x00000000ffc00000|100%| O|  |TAMS 0x00000000ffb00000| PB 0x00000000ffb00000| Untracked |  0
|2044|0x00000000ffc00000, 0x00000000ffd00000, 0x00000000ffd00000|100%| O|  |TAMS 0x00000000ffc00000| PB 0x00000000ffc00000| Untracked |  0
|2045|0x00000000ffd00000, 0x00000000ffe00000, 0x00000000ffe00000|100%| O|  |TAMS 0x00000000ffd00000| PB 0x00000000ffd00000| Untracked |  0
|2046|0x00000000ffe00000, 0x00000000fff00000, 0x00000000fff00000|100%| O|  |TAMS 0x00000000ffe00000| PB 0x00000000ffe00000| Untracked |  0
|2047|0x00000000fff00000, 0x0000000100000000, 0x0000000100000000|100%| O|  |TAMS 0x00000000fff00000| PB 0x00000000fff00000| Untracked |  0

Card table byte_map: [0x0000016a16c40000,0x0000016a17040000] _byte_map_base: 0x0000016a16840000

Marking Bits: (CMBitMap*) 0x0000016a04189a00
 Bits: [0x0000016a17040000, 0x0000016a19040000)

Polling page: 0x0000016a03900000

Metaspace:
Metaspace        used 116339K, committed 118464K, reserved 1179648K
 class space     used 16892K, committed 17920K, reserved 1048576K

Usage:
  Non-class:     97.12 MB used.
      Class:     16.50 MB used.
       Both:    113.61 MB used.

Virtual space:
  Non-class space:      128.00 MB reserved,      98.19 MB ( 77%) committed,  2 nodes.
      Class space:        1.00 GB reserved,      17.50 MB (  2%) committed,  1 nodes.
             Both:        1.12 GB reserved,     115.69 MB ( 10%) committed. 

Chunk freelists:
   Non-Class:  13.67 MB
       Class:  14.44 MB
        Both:  28.11 MB

MaxMetaspaceSize: unlimited
CompressedClassSpaceSize: 1.00 GB
Initial GC threshold: 21.00 MB
Current GC threshold: 192.31 MB
CDS: off
 - commit_granule_bytes: 65536.
 - commit_granule_words: 8192.
 - virtual_space_node_default_size: 8388608.
 - enlarge_chunks_in_place: 1.
UseCompressedClassPointers 1, UseCompactObjectHeaders 0
Narrow klass pointer bits 32, Max shift 3
Narrow klass base: 0x0000000000000000, Narrow klass shift: 0
Encoding Range: [0x0000000000000000 - 0x0000000100000000), (4294967296 bytes)
Klass Range:    [0x0000000035000000 - 0x0000000075000000), (1073741824 bytes)
Klass ID Range:  [889192448 - 1962934265) (1073741817)
No protection zone.


Internal statistics:

num_allocs_failed_limit: 6.
num_arena_births: 4120.
num_arena_deaths: 0.
num_vsnodes_births: 3.
num_vsnodes_deaths: 0.
num_space_committed: 1849.
num_space_uncommitted: 0.
num_chunks_returned_to_freelist: 6.
num_chunks_taken_from_freelist: 8684.
num_chunk_merges: 6.
num_chunk_splits: 5853.
num_chunks_enlarged: 3886.
num_inconsistent_stats: 0.

CodeHeap 'non-profiled nmethods': size=120064Kb used=4741Kb max_used=4741Kb free=115322Kb
 bounds [0x0000016a0f0e0000, 0x0000016a0f590000, 0x0000016a16620000]
CodeHeap 'profiled nmethods': size=120000Kb used=14292Kb max_used=14292Kb free=105707Kb
 bounds [0x0000016a07620000, 0x0000016a08420000, 0x0000016a0eb50000]
CodeHeap 'non-nmethods': size=5696Kb used=2085Kb max_used=2164Kb free=3610Kb
 bounds [0x0000016a0eb50000, 0x0000016a0edc0000, 0x0000016a0f0e0000]
CodeCache: size=245760Kb, used=21118Kb, max_used=21197Kb, free=224639Kb
 total_blobs=11095, nmethods=10149, adapters=848, full_count=0
Compilation: enabled, stopped_count=0, restarted_count=0

Compilation events (20 events):
Event: 44.415 Thread 0x0000016a1b90c470 12020   !   3       kotlin.reflect.jvm.internal.impl.metadata.ProtoBuf$Type$Argument::<init> (401 bytes)
Event: 44.417 Thread 0x0000016a1b90c470 nmethod 12020 0x0000016a08406f08 code [0x0000016a08407000, 0x0000016a0840a950]
Event: 44.417 Thread 0x0000016a1b90c470 12021   !   3       kotlin.reflect.jvm.internal.impl.metadata.jvm.JvmProtoBuf$JvmPropertySignature::<init> (647 bytes)
Event: 44.419 Thread 0x0000016a1b90bc60 12033       4       kotlin.reflect.jvm.internal.impl.protobuf.CodedInputStream::readRawVarint32 (233 bytes)
Event: 44.419 Thread 0x0000016a1b90c470 nmethod 12021 0x0000016a0840a988 code [0x0000016a0840aa80, 0x0000016a0840fc18]
Event: 44.419 Thread 0x0000016a1b90c470 12024       3       kotlin.sequences.SequencesKt__SequenceBuilderKt$sequence$$inlined$Sequence$1::iterator (10 bytes)
Event: 44.419 Thread 0x0000016a1b90c470 nmethod 12024 0x0000016a0840fc88 code [0x0000016a0840fd80, 0x0000016a0840feb0]
Event: 44.419 Thread 0x0000016a1b90c470 12025       3       kotlin.sequences.SequencesKt__SequenceBuilderKt::iterator (32 bytes)
Event: 44.446 Thread 0x0000016a1b90c470 nmethod 12025 0x0000016a0840ff88 code [0x0000016a08410080, 0x0000016a084108e0]
Event: 44.446 Thread 0x0000016a1b90c470 12022       3       kotlin.reflect.jvm.internal.impl.protobuf.SmallSortedMap::put (142 bytes)
Event: 44.446 Thread 0x0000016a1b90bc60 nmethod 12033 0x0000016a0f580188 code [0x0000016a0f580280, 0x0000016a0f580520]
Event: 44.446 Thread 0x0000016a1b90bc60 12036       4       kotlin.reflect.jvm.internal.impl.protobuf.ByteString$Output::<init> (42 bytes)
Event: 44.447 Thread 0x0000016a1b90c470 nmethod 12022 0x0000016a08410908 code [0x0000016a08410a00, 0x0000016a08411a20]
Event: 44.447 Thread 0x0000016a1b90c470 12026       3       kotlin.sequences.SequenceBuilderIterator::<init> (5 bytes)
Event: 44.447 Thread 0x0000016a1b90c470 nmethod 12026 0x0000016a08411a88 code [0x0000016a08411b80, 0x0000016a08411d40]
Event: 44.447 Thread 0x0000016a1b90c470 12027       3       kotlin.sequences.SequenceScope::<init> (5 bytes)
Event: 44.447 Thread 0x0000016a1b90c470 nmethod 12027 0x0000016a08411d88 code [0x0000016a08411e80, 0x0000016a08411fe0]
Event: 44.447 Thread 0x0000016a1b90c470 12028       3       kotlin.sequences.SequenceBuilderIterator::getContext (7 bytes)
Event: 44.447 Thread 0x0000016a1b90c470 nmethod 12028 0x0000016a08412088 code [0x0000016a08412180, 0x0000016a08412290]
Event: 44.447 Thread 0x0000016a1b90c470 12037       3       org.gradle.model.internal.type.ClassTypeWrapper::<init> (31 bytes)

GC Heap Usage History (20 events):
Event: 33.741 {heap Before GC invocations=29 (full 0):
 garbage-first heap   total reserved 2097152K, committed 162816K, used 108317K [0x0000000080000000, 0x0000000100000000)
  region size 1024K, 14 young (14336K), 3 survivors (3072K)
}
Event: 33.743 {heap After GC invocations=30 (full 0):
 garbage-first heap   total reserved 2097152K, committed 162816K, used 98456K [0x0000000080000000, 0x0000000100000000)
  region size 1024K, 4 young (4096K), 4 survivors (4096K)
}
Event: 34.582 {heap Before GC invocations=31 (full 0):
 garbage-first heap   total reserved 2097152K, committed 168960K, used 153752K [0x0000000080000000, 0x0000000100000000)
  region size 1024K, 56 young (57344K), 4 survivors (4096K)
}
Event: 34.585 {heap After GC invocations=32 (full 0):
 garbage-first heap   total reserved 2097152K, committed 168960K, used 102257K [0x0000000080000000, 0x0000000100000000)
  region size 1024K, 5 young (5120K), 5 survivors (5120K)
}
Event: 35.146 {heap Before GC invocations=32 (full 0):
 garbage-first heap   total reserved 2097152K, committed 168960K, used 163697K [0x0000000080000000, 0x0000000100000000)
  region size 1024K, 60 young (61440K), 5 survivors (5120K)
}
Event: 35.154 {heap After GC invocations=33 (full 0):
 garbage-first heap   total reserved 2097152K, committed 175104K, used 108136K [0x0000000080000000, 0x0000000100000000)
  region size 1024K, 8 young (8192K), 8 survivors (8192K)
}
Event: 35.901 {heap Before GC invocations=33 (full 0):
 garbage-first heap   total reserved 2097152K, committed 175104K, used 162408K [0x0000000080000000, 0x0000000100000000)
  region size 1024K, 61 young (62464K), 8 survivors (8192K)
}
Event: 35.906 {heap After GC invocations=34 (full 0):
 garbage-first heap   total reserved 2097152K, committed 175104K, used 111377K [0x0000000080000000, 0x0000000100000000)
  region size 1024K, 3 young (3072K), 3 survivors (3072K)
}
Event: 36.851 {heap Before GC invocations=35 (full 0):
 garbage-first heap   total reserved 2097152K, committed 186368K, used 164625K [0x0000000080000000, 0x0000000100000000)
  region size 1024K, 55 young (56320K), 3 survivors (3072K)
}
Event: 36.854 {heap After GC invocations=36 (full 0):
 garbage-first heap   total reserved 2097152K, committed 186368K, used 112884K [0x0000000080000000, 0x0000000100000000)
  region size 1024K, 5 young (5120K), 5 survivors (5120K)
}
Event: 37.872 {heap Before GC invocations=36 (full 0):
 garbage-first heap   total reserved 2097152K, committed 186368K, used 174324K [0x0000000080000000, 0x0000000100000000)
  region size 1024K, 65 young (66560K), 5 survivors (5120K)
}
Event: 37.877 {heap After GC invocations=37 (full 0):
 garbage-first heap   total reserved 2097152K, committed 186368K, used 114223K [0x0000000080000000, 0x0000000100000000)
  region size 1024K, 6 young (6144K), 6 survivors (6144K)
}
Event: 38.555 {heap Before GC invocations=37 (full 0):
 garbage-first heap   total reserved 2097152K, committed 186368K, used 150063K [0x0000000080000000, 0x0000000100000000)
  region size 1024K, 42 young (43008K), 6 survivors (6144K)
}
Event: 38.560 {heap After GC invocations=38 (full 0):
 garbage-first heap   total reserved 2097152K, committed 186368K, used 116246K [0x0000000080000000, 0x0000000100000000)
  region size 1024K, 6 young (6144K), 6 survivors (6144K)
}
Event: 40.085 {heap Before GC invocations=39 (full 0):
 garbage-first heap   total reserved 2097152K, committed 204800K, used 183830K [0x0000000080000000, 0x0000000100000000)
  region size 1024K, 63 young (64512K), 6 survivors (6144K)
}
Event: 40.092 {heap After GC invocations=40 (full 0):
 garbage-first heap   total reserved 2097152K, committed 204800K, used 121924K [0x0000000080000000, 0x0000000100000000)
  region size 1024K, 8 young (8192K), 8 survivors (8192K)
}
Event: 40.893 {heap Before GC invocations=40 (full 0):
 garbage-first heap   total reserved 2097152K, committed 204800K, used 186436K [0x0000000080000000, 0x0000000100000000)
  region size 1024K, 71 young (72704K), 8 survivors (8192K)
}
Event: 40.901 {heap After GC invocations=41 (full 0):
 garbage-first heap   total reserved 2097152K, committed 204800K, used 126976K [0x0000000080000000, 0x0000000100000000)
  region size 1024K, 5 young (5120K), 5 survivors (5120K)
}
Event: 42.872 {heap Before GC invocations=41 (full 0):
 garbage-first heap   total reserved 2097152K, committed 204800K, used 189440K [0x0000000080000000, 0x0000000100000000)
  region size 1024K, 66 young (67584K), 5 survivors (5120K)
}
Event: 42.879 {heap After GC invocations=42 (full 0):
 garbage-first heap   total reserved 2097152K, committed 204800K, used 131966K [0x0000000080000000, 0x0000000100000000)
  region size 1024K, 9 young (9216K), 9 survivors (9216K)
}

Metaspace Usage History (20 events):
Event: 33.741 {metaspace Before GC invocations=29 (full 0):
 Metaspace       used 88833K, committed 90816K, reserved 1179648K
  class space    used 12950K, committed 13888K, reserved 1048576K
}
Event: 33.743 {metaspace After GC invocations=30 (full 0):
 Metaspace       used 88833K, committed 90816K, reserved 1179648K
  class space    used 12950K, committed 13888K, reserved 1048576K
}
Event: 34.582 {metaspace Before GC invocations=31 (full 0):
 Metaspace       used 92457K, committed 94464K, reserved 1179648K
  class space    used 13492K, committed 14464K, reserved 1048576K
}
Event: 34.585 {metaspace After GC invocations=32 (full 0):
 Metaspace       used 92457K, committed 94464K, reserved 1179648K
  class space    used 13492K, committed 14464K, reserved 1048576K
}
Event: 35.146 {metaspace Before GC invocations=32 (full 0):
 Metaspace       used 95114K, committed 97088K, reserved 1179648K
  class space    used 13865K, committed 14784K, reserved 1048576K
}
Event: 35.154 {metaspace After GC invocations=33 (full 0):
 Metaspace       used 95114K, committed 97088K, reserved 1179648K
  class space    used 13865K, committed 14784K, reserved 1048576K
}
Event: 35.901 {metaspace Before GC invocations=33 (full 0):
 Metaspace       used 98141K, committed 100224K, reserved 1179648K
  class space    used 14276K, committed 15232K, reserved 1048576K
}
Event: 35.906 {metaspace After GC invocations=34 (full 0):
 Metaspace       used 98141K, committed 100224K, reserved 1179648K
  class space    used 14276K, committed 15232K, reserved 1048576K
}
Event: 36.851 {metaspace Before GC invocations=35 (full 0):
 Metaspace       used 101566K, committed 103680K, reserved 1179648K
  class space    used 14824K, committed 15808K, reserved 1048576K
}
Event: 36.854 {metaspace After GC invocations=36 (full 0):
 Metaspace       used 101566K, committed 103680K, reserved 1179648K
  class space    used 14824K, committed 15808K, reserved 1048576K
}
Event: 37.872 {metaspace Before GC invocations=36 (full 0):
 Metaspace       used 105514K, committed 107584K, reserved 1179648K
  class space    used 15548K, committed 16512K, reserved 1048576K
}
Event: 37.877 {metaspace After GC invocations=37 (full 0):
 Metaspace       used 105514K, committed 107584K, reserved 1179648K
  class space    used 15548K, committed 16512K, reserved 1048576K
}
Event: 38.555 {metaspace Before GC invocations=37 (full 0):
 Metaspace       used 107791K, committed 109888K, reserved 1179648K
  class space    used 15880K, committed 16832K, reserved 1048576K
}
Event: 38.560 {metaspace After GC invocations=38 (full 0):
 Metaspace       used 107791K, committed 109888K, reserved 1179648K
  class space    used 15880K, committed 16832K, reserved 1048576K
}
Event: 40.085 {metaspace Before GC invocations=39 (full 0):
 Metaspace       used 113887K, committed 116096K, reserved 1179648K
  class space    used 16603K, committed 17664K, reserved 1048576K
}
Event: 40.092 {metaspace After GC invocations=40 (full 0):
 Metaspace       used 113887K, committed 116096K, reserved 1179648K
  class space    used 16603K, committed 17664K, reserved 1048576K
}
Event: 40.893 {metaspace Before GC invocations=40 (full 0):
 Metaspace       used 115953K, committed 118144K, reserved 1179648K
  class space    used 16878K, committed 17920K, reserved 1048576K
}
Event: 40.901 {metaspace After GC invocations=41 (full 0):
 Metaspace       used 115953K, committed 118144K, reserved 1179648K
  class space    used 16878K, committed 17920K, reserved 1048576K
}
Event: 42.872 {metaspace Before GC invocations=41 (full 0):
 Metaspace       used 115953K, committed 118144K, reserved 1179648K
  class space    used 16878K, committed 17920K, reserved 1048576K
}
Event: 42.879 {metaspace After GC invocations=42 (full 0):
 Metaspace       used 115953K, committed 118144K, reserved 1179648K
  class space    used 16878K, committed 17920K, reserved 1048576K
}

Dll operation events (3 events):
Event: 0.091 Loaded shared library D:\baitap\NTU\AndroidProgramming\Studio\jbr\bin\java.dll
Event: 0.107 Loaded shared library D:\baitap\NTU\AndroidProgramming\Studio\jbr\bin\zip.dll
Event: 2.415 Loaded shared library D:\baitap\NTU\AndroidProgramming\Studio\jbr\bin\verify.dll

Deoptimization events (20 events):
Event: 44.265 Thread 0x0000016a21cb6810 Uncommon trap: trap_request=0xffffffbe fr.pc=0x0000016a0f5369d4 relative=0x00000000000012d4
Event: 44.265 Thread 0x0000016a21cb6810 Uncommon trap: reason=profile_predicate action=maybe_recompile pc=0x0000016a0f5369d4 method=java.util.TimSort.reverseRange([Ljava/lang/Object;II)V @ 5 c2
Event: 44.265 Thread 0x0000016a21cb6810 DEOPT PACKING pc=0x0000016a0f5369d4 sp=0x000000629c6f8560
Event: 44.283 Thread 0x0000016a21cb6810 DEOPT UNPACKING pc=0x0000016a0ec69782 sp=0x000000629c6f8410 mode 2
Event: 44.338 Thread 0x0000016a21cb6810 Uncommon trap: trap_request=0xffffffbe fr.pc=0x0000016a0f5369d4 relative=0x00000000000012d4
Event: 44.338 Thread 0x0000016a21cb6810 Uncommon trap: reason=profile_predicate action=maybe_recompile pc=0x0000016a0f5369d4 method=java.util.TimSort.reverseRange([Ljava/lang/Object;II)V @ 5 c2
Event: 44.338 Thread 0x0000016a21cb6810 DEOPT PACKING pc=0x0000016a0f5369d4 sp=0x000000629c6f77f0
Event: 44.338 Thread 0x0000016a21cb6810 DEOPT UNPACKING pc=0x0000016a0ec69782 sp=0x000000629c6f76a0 mode 2
Event: 44.347 Thread 0x0000016a21cb6810 Uncommon trap: trap_request=0xffffffbe fr.pc=0x0000016a0f5369d4 relative=0x00000000000012d4
Event: 44.347 Thread 0x0000016a21cb6810 Uncommon trap: reason=profile_predicate action=maybe_recompile pc=0x0000016a0f5369d4 method=java.util.TimSort.reverseRange([Ljava/lang/Object;II)V @ 5 c2
Event: 44.347 Thread 0x0000016a21cb6810 DEOPT PACKING pc=0x0000016a0f5369d4 sp=0x000000629c6f6e90
Event: 44.347 Thread 0x0000016a21cb6810 DEOPT UNPACKING pc=0x0000016a0ec69782 sp=0x000000629c6f6d40 mode 2
Event: 44.347 Thread 0x0000016a21cb6810 Uncommon trap: trap_request=0xffffffbe fr.pc=0x0000016a0f5369d4 relative=0x00000000000012d4
Event: 44.347 Thread 0x0000016a21cb6810 Uncommon trap: reason=profile_predicate action=maybe_recompile pc=0x0000016a0f5369d4 method=java.util.TimSort.reverseRange([Ljava/lang/Object;II)V @ 5 c2
Event: 44.347 Thread 0x0000016a21cb6810 DEOPT PACKING pc=0x0000016a0f5369d4 sp=0x000000629c6f6e90
Event: 44.347 Thread 0x0000016a21cb6810 DEOPT UNPACKING pc=0x0000016a0ec69782 sp=0x000000629c6f6d40 mode 2
Event: 44.390 Thread 0x0000016a21cb6810 Uncommon trap: trap_request=0xffffff45 fr.pc=0x0000016a0f577d64 relative=0x0000000000000164
Event: 44.390 Thread 0x0000016a21cb6810 Uncommon trap: reason=unstable_if action=reinterpret pc=0x0000016a0f577d64 method=kotlin.reflect.jvm.internal.impl.protobuf.CodedInputStream.readRawVarint32()I @ 69 c2
Event: 44.390 Thread 0x0000016a21cb6810 DEOPT PACKING pc=0x0000016a0f577d64 sp=0x000000629c6f7340
Event: 44.390 Thread 0x0000016a21cb6810 DEOPT UNPACKING pc=0x0000016a0ec69782 sp=0x000000629c6f72c8 mode 2

Classes loaded (20 events):
Event: 38.863 Loading class java/util/concurrent/atomic/AtomicIntegerFieldUpdater$AtomicIntegerFieldUpdaterImpl
Event: 38.863 Loading class java/util/concurrent/atomic/AtomicIntegerFieldUpdater$AtomicIntegerFieldUpdaterImpl done
Event: 38.890 Loading class java/util/concurrent/ConcurrentLinkedQueue$Itr
Event: 38.891 Loading class java/util/concurrent/ConcurrentLinkedQueue$Itr done
Event: 38.905 Loading class java/io/NotSerializableException
Event: 38.905 Loading class java/io/NotSerializableException done
Event: 39.865 Loading class java/io/CharArrayWriter
Event: 39.865 Loading class java/io/CharArrayWriter done
Event: 39.920 Loading class java/util/stream/ReduceOps$5
Event: 39.920 Loading class java/util/stream/ReduceOps$5 done
Event: 39.920 Loading class java/util/stream/ReduceOps$CountingSink$OfRef
Event: 39.920 Loading class java/util/stream/ReduceOps$CountingSink
Event: 39.920 Loading class java/util/stream/ReduceOps$CountingSink done
Event: 39.920 Loading class java/util/stream/ReduceOps$CountingSink$OfRef done
Event: 40.066 Loading class java/nio/file/DirectoryNotEmptyException
Event: 40.066 Loading class java/nio/file/DirectoryNotEmptyException done
Event: 40.111 Loading class java/io/PushbackInputStream
Event: 40.111 Loading class java/io/PushbackInputStream done
Event: 40.150 Loading class java/util/AbstractList$ListItr
Event: 40.150 Loading class java/util/AbstractList$ListItr done

Classes unloaded (0 events):
No events

Classes redefined (0 events):
No events

Internal exceptions (20 events):
Event: 40.139 Thread 0x0000016a21cb6810 Exception <a 'sun/nio/fs/WindowsException'{0x000000008b95f708}> (0x000000008b95f708) 
thrown [s\src\hotspot\share\prims\jni.cpp, line 535]
Event: 40.139 Thread 0x0000016a21cb6810 Exception <a 'sun/nio/fs/WindowsException'{0x000000008b960ea0}> (0x000000008b960ea0) 
thrown [s\src\hotspot\share\prims\jni.cpp, line 535]
Event: 40.139 Thread 0x0000016a21cb6810 Exception <a 'sun/nio/fs/WindowsException'{0x000000008b962638}> (0x000000008b962638) 
thrown [s\src\hotspot\share\prims\jni.cpp, line 535]
Event: 40.139 Thread 0x0000016a21cb6810 Exception <a 'sun/nio/fs/WindowsException'{0x000000008b963d40}> (0x000000008b963d40) 
thrown [s\src\hotspot\share\prims\jni.cpp, line 535]
Event: 40.141 Thread 0x0000016a21cb6810 Exception <a 'sun/nio/fs/WindowsException'{0x000000008b96a380}> (0x000000008b96a380) 
thrown [s\src\hotspot\share\prims\jni.cpp, line 535]
Event: 40.141 Thread 0x0000016a21cb6810 Exception <a 'sun/nio/fs/WindowsException'{0x000000008b96c628}> (0x000000008b96c628) 
thrown [s\src\hotspot\share\prims\jni.cpp, line 535]
Event: 40.149 Thread 0x0000016a23edd770 Exception <a 'java/lang/NoSuchMethodError'{0x000000008b8c9270}: 'void java.lang.invoke.DirectMethodHandle$Holder.invokeStatic(java.lang.Object, int)'> (0x000000008b8c9270) 
thrown [s\src\hotspot\share\interpreter\linkResolver.cpp, line 815]
Event: 40.149 Thread 0x0000016a23edd770 Exception <a 'java/lang/NoSuchMethodError'{0x000000008b8d11e0}: 'void java.lang.invoke.DirectMethodHandle$Holder.invokeStaticInit(java.lang.Object, int)'> (0x000000008b8d11e0) 
thrown [s\src\hotspot\share\interpreter\linkResolver.cpp, line 815]
Event: 40.181 Thread 0x0000016a21cb6810 Exception <a 'sun/nio/fs/WindowsException'{0x000000008b6cc218}> (0x000000008b6cc218) 
thrown [s\src\hotspot\share\prims\jni.cpp, line 535]
Event: 40.189 Thread 0x0000016a21cb6810 Exception <a 'sun/nio/fs/WindowsException'{0x000000008b5ae930}> (0x000000008b5ae930) 
thrown [s\src\hotspot\share\prims\jni.cpp, line 535]
Event: 40.189 Thread 0x0000016a21cb6810 Exception <a 'sun/nio/fs/WindowsException'{0x000000008b5b76a0}> (0x000000008b5b76a0) 
thrown [s\src\hotspot\share\prims\jni.cpp, line 535]
Event: 40.189 Thread 0x0000016a21cb6810 Exception <a 'sun/nio/fs/WindowsException'{0x000000008b5b9910}> (0x000000008b5b9910) 
thrown [s\src\hotspot\share\prims\jni.cpp, line 535]
Event: 40.228 Thread 0x0000016a21cb6810 Exception <a 'sun/nio/fs/WindowsException'{0x000000008b09c048}> (0x000000008b09c048) 
thrown [s\src\hotspot\share\prims\jni.cpp, line 535]
Event: 44.000 Thread 0x0000016a21cb6810 Exception <a 'sun/nio/fs/WindowsException'{0x000000008bad73b8}> (0x000000008bad73b8) 
thrown [s\src\hotspot\share\prims\jni.cpp, line 535]
Event: 44.320 Thread 0x0000016a21cb6810 Exception <a 'sun/nio/fs/WindowsException'{0x000000008b05dea0}> (0x000000008b05dea0) 
thrown [s\src\hotspot\share\prims\jni.cpp, line 535]
Event: 44.339 Thread 0x0000016a21cb6810 Exception <a 'sun/nio/fs/WindowsException'{0x000000008b06f2b0}> (0x000000008b06f2b0) 
thrown [s\src\hotspot\share\prims\jni.cpp, line 535]
Event: 44.339 Thread 0x0000016a21cb6810 Exception <a 'sun/nio/fs/WindowsException'{0x000000008b070de8}> (0x000000008b070de8) 
thrown [s\src\hotspot\share\prims\jni.cpp, line 535]
Event: 44.339 Thread 0x0000016a21cb6810 Exception <a 'sun/nio/fs/WindowsException'{0x000000008b073058}> (0x000000008b073058) 
thrown [s\src\hotspot\share\prims\jni.cpp, line 535]
Event: 44.348 Thread 0x0000016a21cb6810 Exception <a 'sun/nio/fs/WindowsException'{0x000000008af51bc0}> (0x000000008af51bc0) 
thrown [s\src\hotspot\share\prims\jni.cpp, line 535]
Event: 44.349 Thread 0x0000016a21cb6810 Exception <a 'sun/nio/fs/WindowsException'{0x000000008af57c90}> (0x000000008af57c90) 
thrown [s\src\hotspot\share\prims\jni.cpp, line 535]

VM Operations (20 events):
Event: 40.036 Executing non-safepoint VM operation: HandshakeAllThreads (Deoptimize)
Event: 40.036 Executing non-safepoint VM operation: HandshakeAllThreads (Deoptimize) done
Event: 40.085 Executing safepoint VM operation: G1CollectForAllocation (G1 Evacuation Pause)
Event: 40.092 Executing safepoint VM operation: G1CollectForAllocation (G1 Evacuation Pause) done
Event: 40.151 Executing non-safepoint VM operation: HandshakeAllThreads (Deoptimize)
Event: 40.151 Executing non-safepoint VM operation: HandshakeAllThreads (Deoptimize) done
Event: 40.241 Executing non-safepoint VM operation: HandshakeAllThreads (Deoptimize)
Event: 40.241 Executing non-safepoint VM operation: HandshakeAllThreads (Deoptimize) done
Event: 40.243 Executing non-safepoint VM operation: HandshakeAllThreads (Deoptimize)
Event: 40.243 Executing non-safepoint VM operation: HandshakeAllThreads (Deoptimize) done
Event: 40.252 Executing non-safepoint VM operation: HandshakeAllThreads (Deoptimize)
Event: 40.252 Executing non-safepoint VM operation: HandshakeAllThreads (Deoptimize) done
Event: 40.893 Executing safepoint VM operation: G1CollectForAllocation (G1 Evacuation Pause)
Event: 40.901 Executing safepoint VM operation: G1CollectForAllocation (G1 Evacuation Pause) done
Event: 42.872 Executing safepoint VM operation: G1CollectForAllocation (G1 Evacuation Pause)
Event: 42.879 Executing safepoint VM operation: G1CollectForAllocation (G1 Evacuation Pause) done
Event: 42.937 Executing safepoint VM operation: G1PauseRemark
Event: 42.940 Executing safepoint VM operation: G1PauseRemark done
Event: 42.961 Executing safepoint VM operation: G1PauseCleanup
Event: 42.961 Executing safepoint VM operation: G1PauseCleanup done

Memory protections (0 events):
No events

Nmethod flushes (20 events):
Event: 42.939 Thread 0x0000016a1b8a4730 flushing  nmethod 0x0000016a0823bf08
Event: 42.939 Thread 0x0000016a1b8a4730 flushing  nmethod 0x0000016a0823e608
Event: 42.939 Thread 0x0000016a1b8a4730 flushing  nmethod 0x0000016a0f4ecd08
Event: 42.939 Thread 0x0000016a1b8a4730 flushing  nmethod 0x0000016a076a9f88
Event: 42.939 Thread 0x0000016a1b8a4730 flushing  nmethod 0x0000016a0772c808
Event: 42.939 Thread 0x0000016a1b8a4730 flushing  nmethod 0x0000016a078a9588
Event: 42.939 Thread 0x0000016a1b8a4730 flushing  nmethod 0x0000016a078e5788
Event: 42.939 Thread 0x0000016a1b8a4730 flushing  nmethod 0x0000016a0792d188
Event: 42.939 Thread 0x0000016a1b8a4730 flushing  nmethod 0x0000016a07bd8c88
Event: 42.939 Thread 0x0000016a1b8a4730 flushing  nmethod 0x0000016a07bd9288
Event: 42.939 Thread 0x0000016a1b8a4730 flushing  nmethod 0x0000016a07bdb688
Event: 42.939 Thread 0x0000016a1b8a4730 flushing  nmethod 0x0000016a07c03c88
Event: 42.939 Thread 0x0000016a1b8a4730 flushing  nmethod 0x0000016a07ceba08
Event: 42.939 Thread 0x0000016a1b8a4730 flushing  nmethod 0x0000016a07d91208
Event: 42.939 Thread 0x0000016a1b8a4730 flushing  nmethod 0x0000016a07dd4908
Event: 42.939 Thread 0x0000016a1b8a4730 flushing  nmethod 0x0000016a07e14288
Event: 42.939 Thread 0x0000016a1b8a4730 flushing  nmethod 0x0000016a07e4dd08
Event: 42.939 Thread 0x0000016a1b8a4730 flushing  nmethod 0x0000016a07f06d88
Event: 42.939 Thread 0x0000016a1b8a4730 flushing  nmethod 0x0000016a07f35e88
Event: 42.939 Thread 0x0000016a1b8a4730 flushing  nmethod 0x0000016a08242b88

Events (20 events):
Event: 17.828 Thread 0x0000016a21cb6810 Thread added: 0x0000016a23c7c340
Event: 17.876 Thread 0x0000016a21cb6810 Thread added: 0x0000016a2346ff60
Event: 19.074 Thread 0x0000016a21cb6810 Thread added: 0x0000016a2346e020
Event: 19.075 Thread 0x0000016a21cb6810 Thread added: 0x0000016a2346b140
Event: 19.126 Thread 0x0000016a21cb6810 Thread added: 0x0000016a23470730
Event: 19.126 Thread 0x0000016a21cb6810 Thread added: 0x0000016a2346f790
Event: 19.455 Thread 0x0000016a21cb6810 Thread added: 0x0000016a24cca800
Event: 19.455 Thread 0x0000016a21cb6810 Thread added: 0x0000016a24ccc740
Event: 33.680 Thread 0x0000016a21cb6810 Thread added: 0x0000016a24ccdeb0
Event: 38.880 Thread 0x0000016a21cb6810 Thread added: 0x0000016a2a61ee20
Event: 39.188 Thread 0x0000016a21cb6810 Thread added: 0x0000016a2a619830
Event: 39.859 Thread 0x0000016a2a619830 Thread exited: 0x0000016a2a619830
Event: 39.962 Thread 0x0000016a21cb6810 Thread added: 0x0000016a2a61fdc0
Event: 39.971 Thread 0x0000016a2a61fdc0 Thread added: 0x0000016a2a61f5f0
Event: 39.971 Thread 0x0000016a2a61fdc0 Thread added: 0x0000016a2a61bf40
Event: 39.972 Thread 0x0000016a2a61fdc0 Thread added: 0x0000016a2a61c710
Event: 39.972 Thread 0x0000016a2a61fdc0 Thread added: 0x0000016a2a61b770
Event: 39.972 Thread 0x0000016a2a61fdc0 Thread added: 0x0000016a2a61cee0
Event: 39.999 Thread 0x0000016a2a61fdc0 Thread added: 0x0000016a23eddf40
Event: 40.067 Thread 0x0000016a21cb6810 Thread added: 0x0000016a23edd770


Dynamic libraries:
0x00007ff75f130000 - 0x00007ff75f13a000 	D:\baitap\NTU\AndroidProgramming\Studio\jbr\bin\java.exe
0x00007ffde67f0000 - 0x00007ffde6a06000 	C:\Windows\SYSTEM32\ntdll.dll
0x00007ffde51b0000 - 0x00007ffde5274000 	C:\Windows\System32\KERNEL32.DLL
0x00007ffde3cf0000 - 0x00007ffde4097000 	C:\Windows\System32\KERNELBASE.dll
0x00007ffde4360000 - 0x00007ffde4471000 	C:\Windows\System32\ucrtbase.dll
0x00007ffdd89f0000 - 0x00007ffdd8a0b000 	D:\baitap\NTU\AndroidProgramming\Studio\jbr\bin\VCRUNTIME140.dll
0x00007ffdc6b70000 - 0x00007ffdc6b86000 	D:\baitap\NTU\AndroidProgramming\Studio\jbr\bin\jli.dll
0x00007ffde5820000 - 0x00007ffde59ce000 	C:\Windows\System32\USER32.dll
0x00007ffde4270000 - 0x00007ffde4296000 	C:\Windows\System32\win32u.dll
0x00007ffdd50d0000 - 0x00007ffdd5363000 	C:\Windows\WinSxS\amd64_microsoft.windows.common-controls_6595b64144ccf1df_6.0.22621.3235_none_270f74e173860f98\COMCTL32.dll
0x00007ffde4900000 - 0x00007ffde4929000 	C:\Windows\System32\GDI32.dll
0x00007ffde52e0000 - 0x00007ffde5387000 	C:\Windows\System32\msvcrt.dll
0x00007ffde40a0000 - 0x00007ffde41b9000 	C:\Windows\System32\gdi32full.dll
0x00007ffde4480000 - 0x00007ffde451a000 	C:\Windows\System32\msvcp_win.dll
0x00007ffde4f00000 - 0x00007ffde4f31000 	C:\Windows\System32\IMM32.DLL
0x00007ffdd3960000 - 0x00007ffdd396c000 	D:\baitap\NTU\AndroidProgramming\Studio\jbr\bin\vcruntime140_1.dll
0x00007ffdd2730000 - 0x00007ffdd27bd000 	D:\baitap\NTU\AndroidProgramming\Studio\jbr\bin\msvcp140.dll
0x00007ffcbc200000 - 0x00007ffcbd0da000 	D:\baitap\NTU\AndroidProgramming\Studio\jbr\bin\server\jvm.dll
0x00007ffde50f0000 - 0x00007ffde51a2000 	C:\Windows\System32\ADVAPI32.dll
0x00007ffde65d0000 - 0x00007ffde6678000 	C:\Windows\System32\sechost.dll
0x00007ffde41c0000 - 0x00007ffde41e8000 	C:\Windows\System32\bcrypt.dll
0x00007ffde4f40000 - 0x00007ffde5055000 	C:\Windows\System32\RPCRT4.dll
0x00007ffde49b0000 - 0x00007ffde4a21000 	C:\Windows\System32\WS2_32.dll
0x00007ffde3760000 - 0x00007ffde37ad000 	C:\Windows\SYSTEM32\POWRPROF.dll
0x00007ffdd28b0000 - 0x00007ffdd28e4000 	C:\Windows\SYSTEM32\WINMM.dll
0x00007ffddc3e0000 - 0x00007ffddc3ea000 	C:\Windows\SYSTEM32\VERSION.dll
0x00007ffde3560000 - 0x00007ffde3573000 	C:\Windows\SYSTEM32\UMPDC.dll
0x00007ffde2b20000 - 0x00007ffde2b38000 	C:\Windows\SYSTEM32\kernel.appcore.dll
0x00007ffdd3950000 - 0x00007ffdd395a000 	D:\baitap\NTU\AndroidProgramming\Studio\jbr\bin\jimage.dll
0x00007ffdd2b50000 - 0x00007ffdd2d83000 	C:\Windows\SYSTEM32\DBGHELP.DLL
0x00007ffde4a30000 - 0x00007ffde4db8000 	C:\Windows\System32\combase.dll
0x00007ffde4e20000 - 0x00007ffde4ef7000 	C:\Windows\System32\OLEAUT32.dll
0x00007ffdd4520000 - 0x00007ffdd4552000 	C:\Windows\SYSTEM32\dbgcore.DLL
0x00007ffde41f0000 - 0x00007ffde4269000 	C:\Windows\System32\bcryptPrimitives.dll
0x00007ffdd8c40000 - 0x00007ffdd8c4e000 	D:\baitap\NTU\AndroidProgramming\Studio\jbr\bin\instrument.dll
0x00007ffdd2810000 - 0x00007ffdd282f000 	D:\baitap\NTU\AndroidProgramming\Studio\jbr\bin\java.dll
0x00007ffde6420000 - 0x00007ffde65c5000 	C:\Windows\System32\ole32.dll
0x00007ffde5bc0000 - 0x00007ffde641c000 	C:\Windows\System32\SHELL32.dll
0x00007ffdd27f0000 - 0x00007ffdd2807000 	D:\baitap\NTU\AndroidProgramming\Studio\jbr\bin\zip.dll
0x00007ffde1a40000 - 0x00007ffde2339000 	C:\Windows\SYSTEM32\windows.storage.dll
0x00007ffde1900000 - 0x00007ffde1a3e000 	C:\Windows\SYSTEM32\wintypes.dll
0x00007ffde66a0000 - 0x00007ffde6793000 	C:\Windows\System32\SHCORE.dll
0x00007ffde4dc0000 - 0x00007ffde4e1e000 	C:\Windows\System32\shlwapi.dll
0x00007ffde3a40000 - 0x00007ffde3a61000 	C:\Windows\SYSTEM32\profapi.dll
0x00007ffdd27e0000 - 0x00007ffdd27f0000 	D:\baitap\NTU\AndroidProgramming\Studio\jbr\bin\net.dll
0x00007ffde2f80000 - 0x00007ffde2fe9000 	C:\Windows\system32\mswsock.dll
0x00007ffdd27c0000 - 0x00007ffdd27d6000 	D:\baitap\NTU\AndroidProgramming\Studio\jbr\bin\nio.dll
0x00007ffdd1050000 - 0x00007ffdd1060000 	D:\baitap\NTU\AndroidProgramming\Studio\jbr\bin\verify.dll
0x00007ffdc6c30000 - 0x00007ffdc6c57000 	C:\Users\Admin\.gradle\native\660c5614fbf4a5f2a75b1949f50a0caf5cd603558e7d8a26e50b933a0cfb79d1\windows-amd64\native-platform.dll
0x00007ffdbc920000 - 0x00007ffdbc997000 	C:\Users\Admin\.gradle\native\0.2.8\x86_64-windows-gnu\gradle-fileevents.dll
0x00007ffdd2710000 - 0x00007ffdd2719000 	D:\baitap\NTU\AndroidProgramming\Studio\jbr\bin\management.dll
0x00007ffdd20a0000 - 0x00007ffdd20ab000 	D:\baitap\NTU\AndroidProgramming\Studio\jbr\bin\management_ext.dll
0x00007ffde67a0000 - 0x00007ffde67a8000 	C:\Windows\System32\PSAPI.DLL
0x00007ffde25e0000 - 0x00007ffde260d000 	C:\Windows\SYSTEM32\IPHLPAPI.DLL
0x00007ffde49a0000 - 0x00007ffde49a9000 	C:\Windows\System32\NSI.dll
0x00007ffdd2720000 - 0x00007ffdd2729000 	D:\baitap\NTU\AndroidProgramming\Studio\jbr\bin\extnet.dll
0x00007ffde3330000 - 0x00007ffde334b000 	C:\Windows\SYSTEM32\CRYPTSP.dll
0x00007ffde2a80000 - 0x00007ffde2ab5000 	C:\Windows\system32\rsaenh.dll
0x00007ffde3020000 - 0x00007ffde3048000 	C:\Windows\SYSTEM32\USERENV.dll
0x00007ffde32b0000 - 0x00007ffde32bc000 	C:\Windows\SYSTEM32\CRYPTBASE.dll
0x00007ffdc7370000 - 0x00007ffdc7378000 	C:\Windows\system32\wshunix.dll
0x00007ffde2610000 - 0x00007ffde2709000 	C:\Windows\SYSTEM32\DNSAPI.dll
0x00007ffddde60000 - 0x00007ffddde6a000 	C:\Windows\System32\rasadhlp.dll
0x00007ffdde630000 - 0x00007ffdde6b3000 	C:\Windows\System32\fwpuclnt.dll

JVMTI agents:
C:\Users\Admin\.gradle\wrapper\dists\gradle-9.5.0-bin\bvnork1r7n8i6kp5cnkibsc9q\gradle-9.5.0\lib\agents\gradle-instrumentation-agent-9.5.0.jar path:D:\baitap\NTU\AndroidProgramming\Studio\jbr\bin\instrument.dll, loaded, initialized, instrumentlib options:none

dbghelp: loaded successfully - version: 4.0.5 - missing functions: none
symbol engine: initialized successfully - sym options: 0x614 - pdb path: .;D:\baitap\NTU\AndroidProgramming\Studio\jbr\bin;C:\Windows\SYSTEM32;C:\Windows\WinSxS\amd64_microsoft.windows.common-controls_6595b64144ccf1df_6.0.22621.3235_none_270f74e173860f98;D:\baitap\NTU\AndroidProgramming\Studio\jbr\bin\server;C:\Users\Admin\.gradle\native\660c5614fbf4a5f2a75b1949f50a0caf5cd603558e7d8a26e50b933a0cfb79d1\windows-amd64;C:\Users\Admin\.gradle\native\0.2.8\x86_64-windows-gnu

VM Arguments:
jvm_args: --add-opens=java.base/java.lang=ALL-UNNAMED --add-opens=java.base/java.lang.invoke=ALL-UNNAMED --add-opens=java.base/java.util=ALL-UNNAMED --add-opens=java.prefs/java.util.prefs=ALL-UNNAMED --add-exports=jdk.compiler/com.sun.tools.javac.api=ALL-UNNAMED --add-exports=jdk.compiler/com.sun.tools.javac.util=ALL-UNNAMED --add-opens=java.base/java.nio.charset=ALL-UNNAMED --add-opens=java.base/java.net=ALL-UNNAMED --add-opens=java.base/java.util.concurrent=ALL-UNNAMED --add-opens=java.base/java.util.concurrent.atomic=ALL-UNNAMED --add-opens=java.xml/javax.xml.namespace=ALL-UNNAMED --add-opens=java.base/java.time=ALL-UNNAMED --enable-native-access=ALL-UNNAMED -Xmx2048m -Dfile.encoding=UTF-8 -Duser.country=US -Duser.language=en -Duser.variant -javaagent:C:\Users\Admin\.gradle\wrapper\dists\gradle-9.5.0-bin\bvnork1r7n8i6kp5cnkibsc9q\gradle-9.5.0\lib\agents\gradle-instrumentation-agent-9.5.0.jar 
java_command: org.gradle.launcher.daemon.bootstrap.GradleDaemon 9.5.0
java_class_path (initial): C:\Users\Admin\.gradle\wrapper\dists\gradle-9.5.0-bin\bvnork1r7n8i6kp5cnkibsc9q\gradle-9.5.0\lib\gradle-daemon-main-9.5.0.jar
Launcher Type: SUN_STANDARD

[Global flags]
     intx CICompilerCount                          = 3                                         {product} {ergonomic}
     uint ConcGCThreads                            = 2                                         {product} {ergonomic}
     uint G1ConcRefinementThreads                  = 6                                         {product} {ergonomic}
   size_t G1HeapRegionSize                         = 1048576                                   {product} {ergonomic}
   size_t InitialHeapSize                          = 268435456                                 {product} {ergonomic}
   size_t MarkStackSize                            = 4194304                                   {product} {ergonomic}
   size_t MarkStackSizeMax                         = 536870912                                 {product} {ergonomic}
   size_t MaxHeapSize                              = 2147483648                                {product} {command line}
   size_t MaxNewSize                               = 1287651328                                {product} {ergonomic}
   size_t MinHeapDeltaBytes                        = 1048576                                   {product} {ergonomic}
   size_t MinHeapSize                              = 8388608                                   {product} {ergonomic}
    uintx NonNMethodCodeHeapSize                   = 5832704                                {pd product} {ergonomic}
    uintx NonProfiledCodeHeapSize                  = 122945536                              {pd product} {ergonomic}
    uintx ProfiledCodeHeapSize                     = 122880000                              {pd product} {ergonomic}
    uintx ReservedCodeCacheSize                    = 251658240                              {pd product} {ergonomic}
     bool SegmentedCodeCache                       = true                                      {product} {ergonomic}
   size_t SoftMaxHeapSize                          = 2147483648                             {manageable} {ergonomic}
     bool UseCompressedOops                        = true                           {product lp64_product} {ergonomic}
     bool UseG1GC                                  = true                                      {product} {ergonomic}
     bool UseLargePagesIndividualAllocation        = false                                  {pd product} {ergonomic}

Logging:
Log output configuration:
 #0: stdout all=warning uptime,level,tags foldmultilines=false
 #1: stderr all=off uptime,level,tags foldmultilines=false

Release file:
JAVA_VERSION="25.0.2" 
MODULES="java.base java.compiler java.datatransfer java.xml java.prefs java.desktop java.instrument java.logging java.management java.security.sasl java.naming java.rmi java.management.rmi java.net.http java.scripting java.security.jgss java.transaction.xa java.sql java.sql.rowset java.xml.crypto java.se java.smartcardio jdk.accessibility jdk.internal.jvmstat jdk.attach jdk.charsets jdk.internal.opt jdk.zipfs jdk.compiler jdk.crypto.cryptoki jdk.crypto.ec jdk.dynalink jdk.hotspot.agent jdk.httpserver jdk.internal.ed jdk.internal.le jdk.internal.md jdk.internal.vm.ci jdk.jartool jdk.javadoc jdk.jcmd jdk.jdeps jdk.jdwp.agent jdk.jdi jdk.jfr jdk.jlink jdk.localedata jdk.management jdk.management.agent jdk.management.jfr jdk.naming.dns jdk.naming.rmi jdk.net jdk.sctp jdk.security.auth jdk.security.jgss jdk.unsupported jdk.unsupported.desktop jdk.xml.dom" 
IMPLEMENTOR="JetBrains s.r.o." 
JAVA_RUNTIME_VERSION="25.0.2+-15348964-b329.117" 
LIBC="default" 
OS_ARCH="x86_64" 
OS_NAME="Windows" 
SOURCE=".:git:3cf398e84a39" 

Environment Variables:
PATH=C:\Program Files\Python314\Scripts\;C:\Program Files\Python314\;C:\ProgramData\Oracle\Java\javapath;C:\Windows\system32;C:\Windows;C:\Windows\System32\Wbem;C:\Windows\System32\WindowsPowerShell\v1.0\;C:\Windows\System32\OpenSSH\;C:\Program Files (x86)\Microsoft SQL Server\170\Tools\Binn\;C:\Program Files\Microsoft SQL Server\170\Tools\Binn\;C:\Program Files\Microsoft SQL Server\Client SDK\ODBC\180\Tools\Binn\;C:\Program Files\Microsoft SQL Server\170\DTS\Binn\;C:\Program Files\dotnet\;C:\Program Files (x86)\Windows Kits\10\Windows Performance Toolkit\;C:\Program Files\Microsoft SQL Server\Client SDK\ODBC\170\Tools\Binn\;C:\Users\Admin\.local\bin;C:\Users\Admin\AppData\Local\Microsoft\WindowsApps;D:\Sofware\VSCode\Microsoft VS Code\bin;C:\Users\Admin\.dotnet\tools;C:\Users\Admin\AppData\Local\GitHubDesktop\bin
USERNAME=Admin
OS=Windows_NT
PROCESSOR_IDENTIFIER=Intel64 Family 6 Model 158 Stepping 10, GenuineIntel
TMP=C:\Users\Admin\AppData\Local\Temp
TEMP=C:\Users\Admin\AppData\Local\Temp




Compilation memory statistics disabled.

Periodic native trim disabled

JNI global refs:
JNI global refs: 22, weak refs: 4

JNI global refs memory usage: 835, weak refs: 833

Process memory usage:
Resident Set Size: 492616K (2% of 16707756K total physical memory with 94412K free physical memory)

OOME stack traces (most recent first):
Classloader memory used:
Loader org.gradle.internal.classloader.VisitableURLClassLoader                         : 43916 K
Loader bootstrap                                                                       : 30047 K
Loader org.gradle.internal.classloader.VisitableURLClassLoader$InstrumentingVisitableURLClassLoader: 27640 K
Loader org.gradle.initialization.MixInLegacyTypesClassLoader                           : 12405 K
Loader org.gradle.internal.classloader.VisitableURLClassLoader                         : 1924 K
Loader jdk.internal.loader.ClassLoaders$AppClassLoader                                 : 188 K
Loader jdk.internal.loader.ClassLoaders$PlatformClassLoader                            : 130 K
Loader org.gradle.groovy.scripts.internal.DefaultScriptCompilationHandler$ScriptClassLoader: 89736 B

Classes loaded by more than one classloader:
Class Program                                                                         : loaded 5 times (x 74B)
Class Build_gradle                                                                    : loaded 3 times (x 128B)
Class com.google.common.collect.PeekingIterator                                       : loaded 3 times (x 72B)
Class com.google.common.base.Preconditions                                            : loaded 3 times (x 73B)
Class org.gradle.internal.IoActions                                                   : loaded 3 times (x 73B)
Class org.gradle.api.GradleException                                                  : loaded 3 times (x 84B)
Class org.gradle.api.Action                                                           : loaded 3 times (x 72B)
Class org.gradle.internal.Cast                                                        : loaded 3 times (x 73B)
Class com.google.common.collect.ImmutableList                                         : loaded 3 times (x 208B)
Class com.google.common.collect.Iterators$9                                           : loaded 3 times (x 83B)
Class com.google.common.collect.Lists                                                 : loaded 3 times (x 73B)
Class com.google.common.collect.ImmutableCollection                                   : loaded 3 times (x 127B)
Class com.google.common.collect.Iterators$5                                           : loaded 3 times (x 84B)
Class com.google.common.collect.Iterators$4                                           : loaded 3 times (x 84B)
Class com.google.common.collect.Iterators$1                                           : loaded 3 times (x 83B)
Class com.google.common.collect.Iterators$MergingIterator                             : loaded 3 times (x 83B)
Class com.google.common.collect.Multimap                                              : loaded 3 times (x 72B)
Class com.google.common.collect.AbstractIndexedListIterator                           : loaded 3 times (x 98B)
Class com.google.common.collect.AbstractIterator                                      : loaded 3 times (x 84B)
Class com.google.common.collect.Lists$StringAsImmutableList                           : loaded 3 times (x 209B)
Class com.google.common.collect.Iterators                                             : loaded 3 times (x 73B)
Class com.google.common.collect.Iterators$SingletonIterator                           : loaded 3 times (x 83B)
Class com.google.common.collect.UnmodifiableIterator                                  : loaded 3 times (x 82B)
Class com.google.common.collect.Iterators$ArrayItr                                    : loaded 3 times (x 99B)
Class com.google.common.collect.UnmodifiableListIterator                              : loaded 3 times (x 97B)
Class io.opentelemetry.api.internal.OtelEncodingUtils                                 : loaded 2 times (x 73B)
Class org.gradle.internal.operations.MultipleBuildOperationFailures                   : loaded 2 times (x 97B)
Class com.google.common.base.Platform$JdkPatternCompiler                              : loaded 2 times (x 77B)
Class org.objectweb.asm.MethodTooLargeException                                       : loaded 2 times (x 84B)
Class [Lcom.google.common.cache.CacheBuilder$OneWeigher;                              : loaded 2 times (x 71B)
Class com.google.common.base.Suppliers                                                : loaded 2 times (x 73B)
Class io.opentelemetry.api.GlobalOpenTelemetry                                        : loaded 2 times (x 73B)
Class com.intellij.util.containers.IntObjectHashMap$ArrayProducer                     : loaded 2 times (x 72B)
Class ijInit1_cc45vyagw77osorhnet0yrg9q$_run_closure1                                 : loaded 2 times (x 141B)
Class org.gradle.internal.classloader.DefaultClassLoaderFactory                       : loaded 2 times (x 84B)
Class io.opentelemetry.context.Scope                                                  : loaded 2 times (x 72B)
Class kotlin.collections.AbstractList$Companion                                       : loaded 2 times (x 73B)
Class [Lcom.google.common.collect.ImmutableMapEntry;                                  : loaded 2 times (x 71B)
Class org.jetbrains.plugins.gradle.tooling.serialization.internal.IdeaProjectSerializationService: loaded 2 times (x 79B)
Class com.google.common.collect.ListMultimap                                          : loaded 2 times (x 72B)
Class com.google.common.collect.ImmutableEnumMap                                      : loaded 2 times (x 128B)
Class org.gradle.tooling.internal.gradle.DefaultProjectIdentifier                     : loaded 2 times (x 88B)
Class com.google.common.collect.Sets$1                                                : loaded 2 times (x 143B)
Class org.objectweb.asm.AnnotationVisitor                                             : loaded 2 times (x 80B)
Class com.intellij.gradle.toolingExtension.impl.model.buildScriptClasspathModel.GradleBuildScriptClasspathSerializationService$ReadContext: loaded 2 times (x 74B)
Class org.gradle.api.internal.DefaultClassPathProvider                                : loaded 2 times (x 78B)
Class com.google.common.collect.Sets$2                                                : loaded 2 times (x 143B)
Class [Lorg.gradle.api.internal.ClassPathProvider;                                    : loaded 2 times (x 71B)
Class org.gradle.api.internal.ClassPathProvider                                       : loaded 2 times (x 72B)
Class [Lorg.objectweb.asm.AnnotationVisitor;                                          : loaded 2 times (x 71B)
Class com.google.common.collect.Sets$3                                                : loaded 2 times (x 143B)
Class com.google.common.cache.LocalCache$LocalLoadingCache                            : loaded 2 times (x 136B)
Class org.gradle.internal.service.UnknownServiceException                             : loaded 2 times (x 85B)
Class com.google.common.collect.Sets$4                                                : loaded 2 times (x 143B)
Class org.objectweb.asm.ModuleVisitor                                                 : loaded 2 times (x 83B)
Class com.google.common.cache.LocalCache$Strength$1                                   : loaded 2 times (x 83B)
Class org.jetbrains.kotlin.idea.gradleTooling.KotlinDslScriptAdditionalTask           : loaded 2 times (x 72B)
Class org.jetbrains.plugins.gradle.model.ClasspathEntryModel                          : loaded 2 times (x 72B)
Class com.google.common.util.concurrent.SettableFuture                                : loaded 2 times (x 116B)
Class com.google.common.cache.LocalCache$Strength$2                                   : loaded 2 times (x 83B)
Class com.intellij.platform.diagnostic.telemetry.rt.context.TelemetryContextGetter    : loaded 2 times (x 77B)
Class org.jetbrains.plugins.gradle.tooling.serialization.GradleExtensionsSerializationService: loaded 2 times (x 79B)
Class org.gradle.tooling.model.Dependency                                             : loaded 2 times (x 72B)
Class com.google.common.cache.LocalCache$Strength$3                                   : loaded 2 times (x 83B)
Class com.google.common.collect.MapDifference                                         : loaded 2 times (x 72B)
Class com.intellij.openapi.externalSystem.model.project.dependencies.ResolutionState  : loaded 2 times (x 81B)
Class kotlin.collections.CollectionsKt__CollectionsKt                                 : loaded 2 times (x 73B)
Class org.objectweb.asm.FieldWriter                                                   : loaded 2 times (x 79B)
Class com.google.common.cache.CacheBuilder$NullListener                               : loaded 2 times (x 84B)
Class org.gradle.internal.classpath.TransformedClassPath                              : loaded 2 times (x 98B)
Class org.gradle.internal.classloader.InstrumentingClassLoader                        : loaded 2 times (x 72B)
Class org.objectweb.asm.ClassVisitor                                                  : loaded 2 times (x 90B)
Class com.google.common.cache.CacheLoader$FunctionToCacheLoader                       : loaded 2 times (x 77B)
Class com.google.common.collect.ImmutableCollection$Builder                           : loaded 2 times (x 78B)
Class kotlin.enums.EnumEntriesList                                                    : loaded 2 times (x 225B)
Class com.google.common.base.Joiner                                                   : loaded 2 times (x 82B)
Class com.google.common.base.MoreObjects                                              : loaded 2 times (x 73B)
Class kotlin.collections.CollectionsKt__IteratorsJVMKt                                : loaded 2 times (x 73B)
Class com.google.common.collect.Platform                                              : loaded 2 times (x 73B)
Class [Lorg.objectweb.asm.Type;                                                       : loaded 2 times (x 71B)
Class [Lorg.objectweb.asm.Symbol;                                                     : loaded 2 times (x 71B)
Class org.jetbrains.kotlin.idea.gradleTooling.KotlinSourceSetContainer                : loaded 2 times (x 72B)
Class io.opentelemetry.context.ContextStorageWrappers                                 : loaded 2 times (x 73B)
Class io.opentelemetry.context.propagation.DefaultContextPropagators                  : loaded 2 times (x 77B)
Class org.jetbrains.plugins.gradle.model.IntelliJSettings                             : loaded 2 times (x 72B)
Class kotlin.Result                                                                   : loaded 2 times (x 74B)
Class org.gradle.internal.service.ServiceLocator                                      : loaded 2 times (x 72B)
Class com.google.common.base.Ascii                                                    : loaded 2 times (x 73B)
Class com.google.common.collect.SingletonImmutableBiMap                               : loaded 2 times (x 145B)
Class org.gradle.tooling.internal.adapter.TargetTypeProvider                          : loaded 2 times (x 72B)
Class com.google.common.cache.LocalCache$1                                            : loaded 2 times (x 91B)
Class com.google.common.collect.AbstractMapEntry                                      : loaded 2 times (x 83B)
Class com.intellij.gradle.toolingExtension.util.GradleVersionUtil                     : loaded 2 times (x 73B)
Class org.gradle.tooling.model.UnsupportedMethodException                             : loaded 2 times (x 84B)
Class com.google.common.collect.Sets$ImprovedAbstractSet                              : loaded 2 times (x 137B)
Class com.google.common.collect.ImmutableList$Builder                                 : loaded 2 times (x 79B)
Class com.google.common.collect.AbstractMultimap                                      : loaded 2 times (x 125B)
Class com.google.common.cache.LocalCache$2                                            : loaded 2 times (x 144B)
Class kotlin.collections.CollectionsKt__MutableCollectionsKt                          : loaded 2 times (x 73B)
Class com.google.common.collect.RegularImmutableAsList                                : loaded 2 times (x 219B)
Class io.opentelemetry.api.trace.SpanContext                                          : loaded 2 times (x 72B)
Class io.opentelemetry.api.trace.DefaultTracer$NoopSpanBuilder                        : loaded 2 times (x 93B)
Class org.jetbrains.plugins.gradle.tooling.serialization.AnnotationProcessingModelSerializationService$WriteContext: loaded 2 times (x 74B)
Class org.jetbrains.plugins.gradle.model.GradleExtensions                             : loaded 2 times (x 72B)
Class com.google.common.util.concurrent.AbstractFuture$Trusted                        : loaded 2 times (x 72B)
Class com.intellij.compose.ide.plugin.gradleTooling.rt.ComposeResourcesModel          : loaded 2 times (x 72B)
Class org.jetbrains.plugins.gradle.tooling.serialization.ProjectDependenciesSerializationService$WriteContext: loaded 2 times (x 74B)
Class org.jetbrains.plugins.gradle.tooling.serialization.ProjectDependenciesSerializationService: loaded 2 times (x 79B)
Class org.gradle.tooling.internal.adapter.CollectionMapper                            : loaded 2 times (x 75B)
Class org.jetbrains.plugins.gradle.model.AnnotationProcessingModel                    : loaded 2 times (x 72B)
Class com.google.common.util.concurrent.UncheckedExecutionException                   : loaded 2 times (x 84B)
Class org.gradle.kotlin.dsl.VersionCatalogAccessorsKt                                 : loaded 2 times (x 73B)
Class io.opentelemetry.api.trace.DefaultTracerProvider                                : loaded 2 times (x 81B)
Class gnu.trove.THash                                                                 : loaded 2 times (x 83B)
Class com.intellij.gradle.toolingExtension.impl.model.buildScriptClasspathModel.GradleBuildScriptClasspathSerializationService$WriteContext: loaded 2 times (x 74B)
Class org.gradle.tooling.internal.adapter.ProtocolToModelAdapter                      : loaded 2 times (x 82B)
Class com.google.common.collect.AbstractMapBasedMultimap$KeySet$1                     : loaded 2 times (x 84B)
Class org.objectweb.asm.ClassWriter                                                   : loaded 2 times (x 107B)
Class com.google.common.base.CharMatcher$And                                          : loaded 2 times (x 114B)
Class com.google.common.cache.CacheLoader$UnsupportedLoadingOperationException        : loaded 2 times (x 84B)
Class [Lio.opentelemetry.context.ThreadLocalContextStorage$NoopScope;                 : loaded 2 times (x 71B)
Class io.opentelemetry.context.ThreadLocalContextStorage$NoopScope                    : loaded 2 times (x 87B)
Class org.gradle.internal.time.DefaultTimer                                           : loaded 2 times (x 82B)
Class com.google.common.base.Objects                                                  : loaded 2 times (x 73B)
Class org.objectweb.asm.FieldVisitor                                                  : loaded 2 times (x 79B)
Class com.google.common.collect.IndexedImmutableSet                                   : loaded 2 times (x 154B)
Class com.google.common.collect.ImmutableMap$1                                        : loaded 2 times (x 83B)
Class com.google.common.collect.BiMap                                                 : loaded 2 times (x 72B)
Class io.opentelemetry.context.ImplicitContextKeyed                                   : loaded 2 times (x 72B)
Class org.gradle.api.internal.classpath.DefaultModuleRegistry$DefaultModule           : loaded 2 times (x 84B)
Class com.google.common.primitives.Ints                                               : loaded 2 times (x 73B)
Class io.opentelemetry.context.ContextStorageProvider                                 : loaded 2 times (x 72B)
Class io.opentelemetry.context.DefaultContextKey                                      : loaded 2 times (x 74B)
Class com.google.common.collect.ObjectArrays                                          : loaded 2 times (x 73B)
Class com.google.common.math.MathPreconditions                                        : loaded 2 times (x 73B)
Class com.google.common.collect.Multiset                                              : loaded 2 times (x 72B)
Class com.google.common.collect.ArrayListMultimapGwtSerializationDependencies         : loaded 2 times (x 173B)
Class com.google.common.collect.ImmutableMap$MapViewOfValuesAsSingletonSets           : loaded 2 times (x 128B)
Class org.jetbrains.plugins.gradle.model.ExternalTask                                 : loaded 2 times (x 72B)
Class io.opentelemetry.api.internal.IncubatingUtil                                    : loaded 2 times (x 73B)
Class io.opentelemetry.api.GlobalOpenTelemetry$ObfuscatedOpenTelemetry                : loaded 2 times (x 94B)
Class kotlin.Result$Failure                                                           : loaded 2 times (x 74B)
Class org.gradle.internal.time.DefaultCountdownTimer                                  : loaded 2 times (x 90B)
Class com.google.common.collect.ImmutableMapEntrySet                                  : loaded 2 times (x 154B)
Class org.jetbrains.plugins.gradle.model.GradleTaskModel                              : loaded 2 times (x 72B)
Class org.jetbrains.plugins.gradle.tooling.util.ObjectCollector                       : loaded 2 times (x 74B)
Class org.gradle.tooling.internal.gradle.DefaultBuildIdentifier                       : loaded 2 times (x 81B)
Class org.gradle.api.internal.classpath.Module                                        : loaded 2 times (x 72B)
Class com.google.common.cache.Weigher                                                 : loaded 2 times (x 72B)
Class com.intellij.openapi.externalSystem.model.project.IExternalSystemSourceType     : loaded 2 times (x 72B)
Class org.gradle.api.internal.classpath.UnknownModuleException                        : loaded 2 times (x 84B)
Class com.google.common.base.Stopwatch                                                : loaded 2 times (x 74B)
Class com.google.common.cache.LocalCache$Strength                                     : loaded 2 times (x 83B)
Class com.google.common.cache.Cache                                                   : loaded 2 times (x 72B)
Class io.opentelemetry.api.trace.TraceStateBuilder                                    : loaded 2 times (x 72B)
Class com.intellij.openapi.externalSystem.model.project.dependencies.ProjectDependencies: loaded 2 times (x 72B)
Class org.jetbrains.plugins.gradle.tooling.serialization.ProjectDependenciesSerializationService$ReadContext: loaded 2 times (x 74B)
Class com.google.common.util.concurrent.AbstractFuture$Cancellation                   : loaded 2 times (x 74B)
Class com.google.common.collect.ImmutableMap$Builder                                  : loaded 2 times (x 84B)
Class com.google.common.cache.RemovalListener                                         : loaded 2 times (x 72B)
Class org.jetbrains.plugins.gradle.tooling.serialization.RepositoriesModelSerializationService: loaded 2 times (x 84B)
Class org.gradle.tooling.internal.gradle.GradleProjectIdentity                        : loaded 2 times (x 72B)
Class org.gradle.api.internal.DefaultClassPathRegistry                                : loaded 2 times (x 78B)
Class com.google.common.primitives.IntsMethodsForWeb                                  : loaded 2 times (x 73B)
Class com.google.common.collect.RegularImmutableMap                                   : loaded 2 times (x 122B)
Class io.opentelemetry.api.internal.AutoValue_ImmutableSpanContext                    : loaded 2 times (x 94B)
Class org.jetbrains.plugins.gradle.tooling.serialization.RepositoriesModelSerializationService$ReadContext: loaded 2 times (x 74B)
Class org.gradle.internal.classpath.DefaultClassPath$ImmutableUniqueList              : loaded 2 times (x 201B)
Class org.gradle.api.internal.ClassPathRegistry                                       : loaded 2 times (x 72B)
Class com.google.common.base.ExtraObjectsMethodsForWeb                                : loaded 2 times (x 73B)
Class com.intellij.gradle.toolingExtension.impl.model.projectModel.GradleExternalProjectSerializationService$WriteContext: loaded 2 times (x 75B)
Class sync_studio_tooling10_2dq87b8grgkcagd4bifc8xx1c$_run_closure1                   : loaded 2 times (x 140B)
Class com.google.common.collect.SingletonImmutableList                                : loaded 2 times (x 209B)
Class com.google.common.cache.CacheBuilder                                            : loaded 2 times (x 74B)
Class Settings_gradle$1                                                               : loaded 2 times (x 76B)
Class io.opentelemetry.api.trace.ImmutableTraceFlags                                  : loaded 2 times (x 79B)
Class org.gradle.internal.classpath.ClassPath                                         : loaded 2 times (x 72B)
Class com.google.common.base.JdkPattern                                               : loaded 2 times (x 77B)
Class com.google.common.collect.ImmutableList$ReverseImmutableList                    : loaded 2 times (x 211B)
Class org.jetbrains.plugins.gradle.tooling.serialization.KotlinDslScriptsModelSerializationService: loaded 2 times (x 83B)
Class org.objectweb.asm.SymbolTable$Entry                                             : loaded 2 times (x 75B)
Class org.jetbrains.kotlin.idea.gradleTooling.KotlinGradleModel                       : loaded 2 times (x 72B)
Class [Lio.opentelemetry.api.trace.TraceFlags;                                        : loaded 2 times (x 71B)
Class [Lio.opentelemetry.context.ContextStorage;                                      : loaded 2 times (x 71B)
Class com.intellij.platform.diagnostic.telemetry.rt.context.TelemetryContext          : loaded 2 times (x 135B)
Class org.jetbrains.plugins.gradle.tooling.serialization.ExternalTestsSerializationService$WriteContext: loaded 2 times (x 74B)
Class org.gradle.api.internal.classpath.DefaultModuleRegistry$DefaultModuleAlias      : loaded 2 times (x 82B)
Class org.objectweb.asm.Edge                                                          : loaded 2 times (x 74B)
Class org.jetbrains.plugins.gradle.tooling.util.IntObjectMap$ObjectFactory            : loaded 2 times (x 72B)
Class com.google.common.base.Suppliers$SupplierOfInstance                             : loaded 2 times (x 81B)
Class io.opentelemetry.context.ThreadLocalContextStorage                              : loaded 2 times (x 87B)
Class org.gradle.tooling.model.Model                                                  : loaded 2 times (x 72B)
Class com.google.common.collect.SingletonImmutableSet                                 : loaded 2 times (x 148B)
Class com.google.common.cache.LocalCache$ComputingValueReference                      : loaded 2 times (x 98B)
Class com.google.common.collect.ImmutableMap$IteratorBasedImmutableMap                : loaded 2 times (x 128B)
Class kotlin.UninitializedPropertyAccessException                                     : loaded 2 times (x 84B)
Class com.google.common.cache.LocalCache$Segment                                      : loaded 2 times (x 155B)
Class io.opentelemetry.context.Context                                                : loaded 2 times (x 72B)
Class org.jetbrains.plugins.gradle.model.IntelliJProjectSettings                      : loaded 2 times (x 72B)
Class org.gradle.tooling.internal.adapter.ProtocolToModelAdapter$MethodInvocationCache: loaded 2 times (x 75B)
Class com.google.common.collect.AbstractListMultimap                                  : loaded 2 times (x 173B)
Class [Lorg.objectweb.asm.SymbolTable$Entry;                                          : loaded 2 times (x 71B)
Class [Lio.opentelemetry.api.trace.ImmutableTraceFlags;                               : loaded 2 times (x 71B)
Class com.google.common.cache.CacheLoader                                             : loaded 2 times (x 76B)
Class com.google.common.collect.ImmutableBiMap                                        : loaded 2 times (x 145B)
Class org.jetbrains.plugins.gradle.model.ExternalDependency                           : loaded 2 times (x 72B)
Class com.intellij.util.containers.IntObjectHashMap                                   : loaded 2 times (x 74B)
Class org.gradle.api.internal.classpath.ModuleRegistry                                : loaded 2 times (x 72B)
Class org.gradle.internal.installation.GradleInstallation$1                           : loaded 2 times (x 77B)
Class com.google.common.collect.ImmutableSet$JdkBackedSetBuilderImpl                  : loaded 2 times (x 78B)
Class com.google.common.util.concurrent.ExecutionError                                : loaded 2 times (x 84B)
Class com.google.common.util.concurrent.internal.InternalFutureFailureAccess          : loaded 2 times (x 74B)
Class org.jetbrains.plugins.gradle.model.VersionCatalogsModel                         : loaded 2 times (x 72B)
Class com.intellij.gradle.toolingExtension.impl.model.sourceSetDependencyModel.GradleSourceSetDependencySerialisationService$SourceSetDependencyModelReadContext: loaded 2 times (x 74B)
Class com.intellij.gradle.toolingExtension.impl.model.dependencyModel.DependencyReadContext: loaded 2 times (x 74B)
Class org.gradle.tooling.internal.adapter.ObjectGraphAdapter                          : loaded 2 times (x 72B)
Class com.google.common.base.CharMatcher$ForPredicate                                 : loaded 2 times (x 114B)
Class com.google.common.cache.LocalCache$LocalManualCache$1                           : loaded 2 times (x 77B)
Class org.jetbrains.plugins.gradle.model.ExternalSourceSet                            : loaded 2 times (x 72B)
Class com.intellij.gradle.toolingExtension.impl.model.warmUp.GradleTaskWarmUpRequest  : loaded 2 times (x 72B)
Class com.google.common.base.CharMatcher$AnyOf                                        : loaded 2 times (x 114B)
Class com.google.common.collect.ImmutableList$1                                       : loaded 2 times (x 99B)
Class com.intellij.gradle.toolingExtension.impl.model.sourceSetArtifactIndex.GradleSourceSetArtifactBuildRequest: loaded 2 times (x 72B)
Class kotlin.collections.CollectionsKt__CollectionsJVMKt                              : loaded 2 times (x 73B)
Class org.gradle.tooling.model.idea.BasicIdeaProject                                  : loaded 2 times (x 72B)
Class org.gradle.api.internal.classpath.DefaultModuleRegistry                         : loaded 2 times (x 86B)
Class com.google.common.collect.ImmutableEnumSet                                      : loaded 2 times (x 148B)
Class com.google.common.util.concurrent.ListenableFuture                              : loaded 2 times (x 72B)
Class com.google.common.cache.ReferenceEntry                                          : loaded 2 times (x 72B)
Class com.google.common.base.Converter                                                : loaded 2 times (x 92B)
Class com.google.common.collect.ImmutableSet$CachingAsList                            : loaded 2 times (x 150B)
Class org.jetbrains.plugins.gradle.tooling.serialization.internal.IdeaProjectSerializationService$WriteContext$1: loaded 2 times (x 85B)
Class org.jetbrains.plugins.gradle.model.ExternalProject                              : loaded 2 times (x 72B)
Class kotlin.collections.CollectionsKt__IteratorsKt                                   : loaded 2 times (x 73B)
Class com.google.common.collect.AbstractMapBasedMultimap                              : loaded 2 times (x 140B)
Class org.gradle.internal.classloader.ClassLoaderHierarchy                            : loaded 2 times (x 72B)
Class com.google.common.collect.ImmutableAsList                                       : loaded 2 times (x 211B)
Class com.google.common.util.concurrent.AbstractFuture                                : loaded 2 times (x 108B)
Class com.google.common.base.FunctionalEquivalence                                    : loaded 2 times (x 85B)
Class org.jetbrains.plugins.gradle.tooling.serialization.internal.IdeaProjectSerializationService$WriteContext$2: loaded 2 times (x 85B)
Class org.objectweb.asm.RecordComponentVisitor                                        : loaded 2 times (x 79B)
Class com.google.common.cache.CacheLoader$SupplierToCacheLoader                       : loaded 2 times (x 77B)
Class [Lio.opentelemetry.context.Scope;                                               : loaded 2 times (x 71B)
Class org.jetbrains.plugins.gradle.tooling.serialization.AnnotationProcessingModelSerializationService$ReadContext: loaded 2 times (x 74B)
Class org.jetbrains.plugins.gradle.tooling.serialization.internal.IdeaProjectSerializationService$WriteContext$3: loaded 2 times (x 85B)
Class gnu.trove.TObjectHash$NULL                                                      : loaded 2 times (x 73B)
Class org.gradle.tooling.model.GradleProject                                          : loaded 2 times (x 72B)
Class kotlin.collections.CollectionsKt__ReversedViewsKt                               : loaded 2 times (x 73B)
Class org.jetbrains.plugins.gradle.tooling.serialization.internal.IdeaProjectSerializationService$WriteContext$4: loaded 2 times (x 85B)
Class com.intellij.gradle.toolingExtension.impl.model.sourceSetDependencyModel.GradleSourceSetDependencySerialisationService$Companion: loaded 2 times (x 73B)
Class org.gradle.internal.time.MonotonicClock                                         : loaded 2 times (x 79B)
Class org.gradle.internal.service.ServiceLookupException                              : loaded 2 times (x 84B)
Class [Lcom.google.common.cache.LocalCache$EntryFactory;                              : loaded 2 times (x 71B)
Class com.intellij.gradle.toolingExtension.util.GradleVersionSpecificsUtil            : loaded 2 times (x 73B)
Class io.opentelemetry.context.ContextStorage                                         : loaded 2 times (x 72B)
Class org.jetbrains.plugins.gradle.tooling.serialization.internal.IdeaProjectSerializationService$WriteContext$5: loaded 2 times (x 85B)
Class com.intellij.gradle.toolingExtension.impl.model.sourceSetDependencyModel.GradleSourceSetDependencySerialisationService$SourceSetDependencyModelWriteContext: loaded 2 times (x 74B)
Class org.gradle.internal.classloader.ClassLoaderFactory                              : loaded 2 times (x 72B)
Class com.google.common.base.CommonPattern                                            : loaded 2 times (x 76B)
Class com.google.common.base.CharMatcher$IsNot                                        : loaded 2 times (x 113B)
Class com.google.common.cache.LocalCache$LocalManualCache                             : loaded 2 times (x 101B)
Class org.jetbrains.plugins.gradle.tooling.serialization.internal.IdeaProjectSerializationService$WriteContext$6: loaded 2 times (x 85B)
Class org.jetbrains.plugins.gradle.tooling.util.IntObjectMap                          : loaded 2 times (x 75B)
Class org.gradle.internal.service.CachingServiceLocator                               : loaded 2 times (x 84B)
Class com.google.common.collect.AbstractMapBasedMultimap$KeySet                       : loaded 2 times (x 139B)
Class com.google.common.math.IntMath                                                  : loaded 2 times (x 73B)
Class org.jetbrains.plugins.gradle.model.RepositoryModels                             : loaded 2 times (x 72B)
Class org.jetbrains.plugins.gradle.tooling.serialization.internal.IdeaProjectSerializationService$WriteContext$7: loaded 2 times (x 85B)
Class com.google.common.collect.ImmutableMapEntry                                     : loaded 2 times (x 87B)
Class org.jetbrains.plugins.gradle.tooling.serialization.internal.IdeaProjectSerializationService$WriteContext$8: loaded 2 times (x 85B)
Class gnu.trove.TObjectIntProcedure                                                   : loaded 2 times (x 72B)
Class org.gradle.internal.time.TimeSource                                             : loaded 2 times (x 72B)
Class org.gradle.tooling.model.kotlin.dsl.KotlinDslScriptsModel                       : loaded 2 times (x 72B)
Class com.google.common.base.Equivalence                                              : loaded 2 times (x 84B)
Class com.google.common.base.Function                                                 : loaded 2 times (x 72B)
Class com.google.common.collect.ImmutableMapEntry$NonTerminalImmutableMapEntry        : loaded 2 times (x 87B)
Class org.jetbrains.plugins.gradle.tooling.serialization.SerializationService         : loaded 2 times (x 72B)
Class org.gradle.tooling.internal.gradle.GradleBuildIdentity                          : loaded 2 times (x 72B)
Class kotlin.enums.EnumEntries                                                        : loaded 2 times (x 72B)
Class com.google.common.collect.IndexedImmutableSet$1                                 : loaded 2 times (x 215B)
Class com.google.common.collect.RegularImmutableList                                  : loaded 2 times (x 215B)
Class com.google.common.cache.CacheBuilder$OneWeigher                                 : loaded 2 times (x 84B)
Class org.jetbrains.plugins.gradle.tooling.serialization.internal.adapter.Supplier    : loaded 2 times (x 72B)
Class org.gradle.internal.exceptions.ResolutionProvider                               : loaded 2 times (x 72B)
Class org.gradle.tooling.model.ProjectIdentifier                                      : loaded 2 times (x 72B)
Class org.gradle.internal.classloader.ClasspathUtil                                   : loaded 2 times (x 73B)
Class org.jetbrains.kotlin.tooling.core.HasExtras                                     : loaded 2 times (x 72B)
Class com.google.common.util.concurrent.Uninterruptibles                              : loaded 2 times (x 73B)
Class com.intellij.gradle.toolingExtension.impl.model.sourceSetModel.GradleSourceSetSerialisationService: loaded 2 times (x 79B)
Class com.google.common.util.concurrent.LazyLogger                                    : loaded 2 times (x 74B)
Class com.google.common.collect.Maps                                                  : loaded 2 times (x 73B)
Class io.opentelemetry.context.propagation.TextMapGetter                              : loaded 2 times (x 72B)
Class org.gradle.internal.time.TimeSource$1                                           : loaded 2 times (x 79B)
Class kotlin.jvm.internal.DefaultConstructorMarker                                    : loaded 2 times (x 73B)
Class org.gradle.api.specs.Spec                                                       : loaded 2 times (x 72B)
Class [Lcom.google.common.collect.ImmutableEntry;                                     : loaded 2 times (x 71B)
Class io.opentelemetry.context.ThreadLocalContextStorage$ScopeImpl                    : loaded 2 times (x 81B)
Class com.google.common.cache.LocalCache$LoadingValueReference                        : loaded 2 times (x 98B)
Class com.intellij.gradle.toolingExtension.impl.model.buildScriptClasspathModel.GradleBuildScriptClasspathSerializationService: loaded 2 times (x 79B)
Class com.google.common.base.Platform                                                 : loaded 2 times (x 73B)
Class org.jetbrains.plugins.gradle.model.FileCollectionDependency                     : loaded 2 times (x 72B)
Class io.opentelemetry.api.trace.SpanBuilder                                          : loaded 2 times (x 72B)
Class io.opentelemetry.api.DefaultOpenTelemetry                                       : loaded 2 times (x 91B)
Class com.intellij.gradle.toolingExtension.impl.model.utilDummyModel.DummyModel       : loaded 2 times (x 72B)
Class org.gradle.internal.time.Clock                                                  : loaded 2 times (x 72B)
Class org.gradle.tooling.model.BuildModel                                             : loaded 2 times (x 72B)
Class [Lorg.objectweb.asm.AnnotationWriter;                                           : loaded 2 times (x 71B)
Class com.google.common.collect.Maps$8                                                : loaded 2 times (x 84B)
Class io.opentelemetry.context.propagation.TextMapPropagator                          : loaded 2 times (x 72B)
Class org.jetbrains.plugins.gradle.model.GradleSourceSetDependencyModel               : loaded 2 times (x 72B)
Class org.gradle.tooling.internal.adapter.TypeInspector                               : loaded 2 times (x 75B)
Class org.gradle.tooling.internal.adapter.ProtocolToModelAdapter$NoOpDecoration       : loaded 2 times (x 81B)
Class org.gradle.tooling.model.Element                                                : loaded 2 times (x 72B)
Class kotlin.collections.AbstractList                                                 : loaded 2 times (x 199B)
Class kotlin.collections.AbstractCollection                                           : loaded 2 times (x 119B)
Class com.google.common.collect.Sets$SetView                                          : loaded 2 times (x 141B)
Class org.jetbrains.kotlin.tooling.core.Extras                                        : loaded 2 times (x 72B)
Class com.google.common.cache.LocalCache$StrongValueReference                         : loaded 2 times (x 92B)
Class io.opentelemetry.context.ArrayBasedContext                                      : loaded 2 times (x 102B)
Class com.intellij.gradle.toolingExtension.impl.model.taskModel.GradleTaskSerialisationService: loaded 2 times (x 78B)
Class org.objectweb.asm.Type                                                          : loaded 2 times (x 74B)
Class org.jetbrains.plugins.gradle.tooling.util.IntObjectMap$1                        : loaded 2 times (x 79B)
Class org.gradle.internal.classloader.VisitableURLClassLoader$InstrumentingVisitableURLClassLoader: loaded 2 times (x 124B)
Class com.google.common.math.IntMath$1                                                : loaded 2 times (x 73B)
Class org.objectweb.asm.ByteVector                                                    : loaded 2 times (x 81B)
Class [Lcom.google.common.cache.CacheBuilder$NullListener;                            : loaded 2 times (x 71B)
Class io.opentelemetry.api.trace.SpanId                                               : loaded 2 times (x 73B)
Class sync_studio_tooling10_2dq87b8grgkcagd4bifc8xx1c                                 : loaded 2 times (x 173B)
Class org.gradle.internal.classloader.VisitableURLClassLoader$Spec                    : loaded 2 times (x 76B)
Class org.gradle.internal.classpath.DefaultClassPath                                  : loaded 2 times (x 92B)
Class org.objectweb.asm.Symbol                                                        : loaded 2 times (x 75B)
Class org.jetbrains.plugins.gradle.model.GradleBuildScriptClasspathModel              : loaded 2 times (x 72B)
Class kotlin.Result$Companion                                                         : loaded 2 times (x 73B)
Class org.gradle.util.internal.DefaultGradleVersion                                   : loaded 2 times (x 84B)
Class com.google.common.base.CharMatcher$BitSetMatcher                                : loaded 2 times (x 114B)
Class com.google.common.collect.RegularImmutableMap$Values                            : loaded 2 times (x 209B)
Class com.google.common.collect.ImmutableSet                                          : loaded 2 times (x 147B)
Class [Lio.opentelemetry.context.ThreadLocalContextStorage;                           : loaded 2 times (x 71B)
Class org.gradle.internal.classloader.ClassLoaderSpec                                 : loaded 2 times (x 73B)
Class org.objectweb.asm.AnnotationWriter                                              : loaded 2 times (x 80B)
Class com.google.common.cache.CacheStats                                              : loaded 2 times (x 73B)
Class kotlin.collections.CollectionsKt___CollectionsJvmKt                             : loaded 2 times (x 73B)
Class org.objectweb.asm.RecordComponentWriter                                         : loaded 2 times (x 79B)
Class com.google.common.util.concurrent.AbstractFuture$Listener                       : loaded 2 times (x 74B)
Class com.google.common.base.CharMatcher$Or                                           : loaded 2 times (x 114B)
Class Settings_gradle$1$1                                                             : loaded 2 times (x 76B)
Class io.opentelemetry.api.trace.Tracer                                               : loaded 2 times (x 72B)
Class org.gradle.api.internal.classpath.Module$ModuleAlias                            : loaded 2 times (x 72B)
Class org.objectweb.asm.Attribute                                                     : loaded 2 times (x 79B)
Class com.google.common.base.Supplier                                                 : loaded 2 times (x 72B)
Class io.opentelemetry.api.trace.ArrayBasedTraceState                                 : loaded 2 times (x 88B)
Class io.opentelemetry.context.ContextKey                                             : loaded 2 times (x 72B)
Class io.opentelemetry.context.propagation.TextMapSetter                              : loaded 2 times (x 72B)
Class org.gradle.internal.classloader.VisitableURLClassLoader                         : loaded 2 times (x 118B)
Class Settings_gradle                                                                 : loaded 2 times (x 126B)
Class org.jetbrains.plugins.gradle.tooling.serialization.ExternalTestsSerializationService$ReadContext: loaded 2 times (x 74B)
Class com.intellij.gradle.toolingExtension.impl.model.sourceSetModel.GradleSourceSetSerialisationService$Companion: loaded 2 times (x 73B)
Class com.google.common.base.CharMatcher$IsEither                                     : loaded 2 times (x 113B)
Class org.gradle.tooling.model.eclipse.EclipseProject                                 : loaded 2 times (x 72B)
Class org.gradle.tooling.model.idea.IdeaDependency                                    : loaded 2 times (x 72B)
Class com.google.common.base.Strings                                                  : loaded 2 times (x 73B)
Class com.google.common.collect.Sets                                                  : loaded 2 times (x 73B)
Class org.objectweb.asm.Handler                                                       : loaded 2 times (x 74B)
Class com.google.common.base.CharMatcher$FastMatcher                                  : loaded 2 times (x 113B)
Class com.google.common.base.Ticker                                                   : loaded 2 times (x 74B)
Class [Lcom.google.common.cache.LocalCache$Segment;                                   : loaded 2 times (x 71B)
Class com.google.common.base.Predicate                                                : loaded 2 times (x 72B)
Class [Lcom.google.common.cache.LocalCache$Strength;                                  : loaded 2 times (x 71B)
Class com.google.common.cache.CacheBuilder$1                                          : loaded 2 times (x 87B)
Class com.google.common.collect.ImmutableMap                                          : loaded 2 times (x 122B)
Class io.opentelemetry.api.trace.ArrayBasedTraceStateBuilder                          : loaded 2 times (x 79B)
Class org.jetbrains.plugins.gradle.tooling.serialization.internal.IdeaProjectSerializationService$WriteContext: loaded 2 times (x 74B)
Class com.intellij.gradle.toolingExtension.impl.model.sourceSetDependencyModel.GradleSourceSetDependencySerialisationService: loaded 2 times (x 79B)
Class org.jetbrains.plugins.gradle.model.GradleSourceSetModel                         : loaded 2 times (x 72B)
Class org.gradle.internal.classpath.DefaultClassPath$ImmutableUniqueList$Builder      : loaded 2 times (x 77B)
Class com.google.common.base.CharMatcher$NegatedFastMatcher                           : loaded 2 times (x 115B)
Class com.google.common.cache.LocalCache                                              : loaded 2 times (x 188B)
Class com.google.common.cache.CacheBuilder$2                                          : loaded 2 times (x 81B)
Class io.opentelemetry.api.trace.TracerProvider                                       : loaded 2 times (x 72B)
Class com.google.common.collect.ArrayListMultimap                                     : loaded 2 times (x 173B)
Class com.google.common.cache.CacheBuilder$3                                          : loaded 2 times (x 74B)
Class [Lcom.google.common.collect.AbstractMapEntry;                                   : loaded 2 times (x 71B)
Class com.google.common.collect.ImmutableEntry                                        : loaded 2 times (x 84B)
Class io.opentelemetry.api.trace.AutoValue_ArrayBasedTraceState                       : loaded 2 times (x 89B)
Class gnu.trove.TObjectHash                                                           : loaded 2 times (x 96B)
Class org.jetbrains.plugins.gradle.tooling.util.ObjectCollector$Processor             : loaded 2 times (x 72B)
Class kotlin.collections.CollectionsKt___CollectionsKt                                : loaded 2 times (x 73B)
Class org.gradle.internal.classloader.FilteringClassLoader                            : loaded 2 times (x 106B)
Class org.gradle.internal.exceptions.NonGradleCauseExceptionsHolder                   : loaded 2 times (x 72B)
Class org.gradle.tooling.model.idea.IdeaModuleDependency                              : loaded 2 times (x 72B)
Class org.gradle.tooling.internal.adapter.ViewBuilder                                 : loaded 2 times (x 72B)
Class com.google.common.collect.CollectPreconditions                                  : loaded 2 times (x 73B)
Class io.opentelemetry.api.trace.TraceState                                           : loaded 2 times (x 72B)
Class org.jetbrains.plugins.gradle.model.AnnotationProcessingConfig                   : loaded 2 times (x 72B)
Class gnu.trove.Equality                                                              : loaded 2 times (x 72B)
Class org.gradle.tooling.model.eclipse.HierarchicalEclipseProject                     : loaded 2 times (x 72B)
Class com.google.common.collect.SortedMapDifference                                   : loaded 2 times (x 72B)
Class io.opentelemetry.context.LazyStorage                                            : loaded 2 times (x 73B)
Class com.google.common.cache.LocalCache$WriteThroughEntry                            : loaded 2 times (x 81B)
Class com.google.common.cache.LocalCache$HashIterator                                 : loaded 2 times (x 88B)
Class com.google.common.cache.LocalCache$EntryFactory                                 : loaded 2 times (x 85B)
Class gnu.trove.TObjectHashingStrategy                                                : loaded 2 times (x 72B)
Class org.gradle.tooling.internal.adapter.ProtocolToModelAdapter$ReflectionMethodInvoker: loaded 2 times (x 78B)
Class org.jetbrains.kotlin.tooling.core.HasMutableExtras                              : loaded 2 times (x 72B)
Class com.google.common.cache.LocalCache$AbstractReferenceEntry                       : loaded 2 times (x 109B)
Class kotlin.collections.CollectionsKt__MutableCollectionsJVMKt                       : loaded 2 times (x 73B)
Class kotlin.NotImplementedError                                                      : loaded 2 times (x 84B)
Class kotlin.enums.EnumEntriesKt                                                      : loaded 2 times (x 73B)
Class org.objectweb.asm.SymbolTable                                                   : loaded 2 times (x 74B)
Class com.google.common.collect.ImmutableSet$RegularSetBuilderImpl                    : loaded 2 times (x 78B)
Class com.google.common.cache.CacheLoader$InvalidCacheLoadException                   : loaded 2 times (x 84B)
Class io.opentelemetry.context.propagation.NoopTextMapPropagator                      : loaded 2 times (x 78B)
Class com.intellij.gradle.toolingExtension.model.repositoryModel.ProjectRepositoriesModel: loaded 2 times (x 72B)
Class org.jetbrains.plugins.gradle.model.GradleProperty                               : loaded 2 times (x 72B)
Class gnu.trove.TObjectCanonicalHashingStrategy                                       : loaded 2 times (x 80B)
Class com.google.common.cache.LocalCache$StrongEntry                                  : loaded 2 times (x 110B)
Class com.google.common.util.concurrent.AbstractFuture$TrustedFuture                  : loaded 2 times (x 116B)
Class com.google.common.cache.LoadingCache                                            : loaded 2 times (x 72B)
Class org.gradle.internal.exceptions.MultiCauseException                              : loaded 2 times (x 72B)
Class org.gradle.internal.time.CountdownTimer                                         : loaded 2 times (x 72B)
Class kotlin.jvm.internal.Intrinsics                                                  : loaded 2 times (x 73B)
Class org.objectweb.asm.MethodWriter                                                  : loaded 2 times (x 107B)
Class [Lcom.google.common.cache.Weigher;                                              : loaded 2 times (x 71B)
Class com.google.common.collect.RegularImmutableMap$BucketOverflowException           : loaded 2 times (x 84B)
Class io.opentelemetry.api.trace.Span                                                 : loaded 2 times (x 72B)
Class com.intellij.gradle.toolingExtension.impl.model.projectModel.GradleExternalProjectSerializationService$ReadContext: loaded 2 times (x 75B)
Class com.intellij.gradle.toolingExtension.impl.model.dependencyModel.DependencyWriteContext: loaded 2 times (x 74B)
Class kotlin.collections.CollectionsKt__IterablesKt                                   : loaded 2 times (x 73B)
Class org.gradle.tooling.model.ProjectModel                                           : loaded 2 times (x 72B)
Class org.gradle.tooling.model.gradle.GradleBuild                                     : loaded 2 times (x 72B)
Class kotlin.KotlinNullPointerException                                               : loaded 2 times (x 84B)
Class com.google.common.collect.RegularImmutableBiMap                                 : loaded 2 times (x 150B)
Class com.google.common.base.CharMatcher$Negated                                      : loaded 2 times (x 115B)
Class com.google.common.base.CharMatcher$Is                                           : loaded 2 times (x 113B)
Class com.google.common.cache.LocalCache$ValueReference                               : loaded 2 times (x 72B)
Class io.opentelemetry.api.OpenTelemetry                                              : loaded 2 times (x 72B)
Class org.jetbrains.plugins.gradle.model.tests.ExternalTestsModel                     : loaded 2 times (x 72B)
Class ijInit1_cc45vyagw77osorhnet0yrg9q                                               : loaded 2 times (x 173B)
Class org.gradle.internal.exceptions.DefaultMultiCauseException                       : loaded 2 times (x 97B)
Class com.google.common.base.PatternCompiler                                          : loaded 2 times (x 72B)
Class com.google.common.util.concurrent.AbstractFuture$Failure                        : loaded 2 times (x 74B)
Class com.google.common.base.Equivalence$Equals                                       : loaded 2 times (x 84B)
Class com.google.common.collect.Hashing                                               : loaded 2 times (x 73B)
Class org.jetbrains.plugins.gradle.tooling.serialization.internal.IdeaProjectSerializationService$ReadContext: loaded 2 times (x 74B)
Class io.opentelemetry.api.trace.PropagatedSpan                                       : loaded 2 times (x 114B)
Class com.intellij.gradle.toolingExtension.impl.model.projectModel.GradleExternalProjectSerializationService: loaded 2 times (x 79B)
Class org.gradle.tooling.model.HierarchicalElement                                    : loaded 2 times (x 72B)
Class com.google.common.base.Joiner$1                                                 : loaded 2 times (x 83B)
Class org.objectweb.asm.Label                                                         : loaded 2 times (x 75B)
Class org.objectweb.asm.CurrentFrame                                                  : loaded 2 times (x 75B)
Class org.objectweb.asm.ClassTooLargeException                                        : loaded 2 times (x 84B)
Class com.google.common.collect.RegularImmutableMap$KeySet                            : loaded 2 times (x 154B)
Class com.google.common.base.CharMatcher                                              : loaded 2 times (x 113B)
Class io.opentelemetry.api.trace.TraceFlags                                           : loaded 2 times (x 72B)
Class org.jetbrains.plugins.gradle.tooling.serialization.ExternalTestsSerializationService: loaded 2 times (x 79B)
Class org.gradle.internal.time.Time                                                   : loaded 2 times (x 73B)
Class com.google.common.base.Joiner$2                                                 : loaded 2 times (x 82B)
Class org.objectweb.asm.Frame                                                         : loaded 2 times (x 75B)
Class org.objectweb.asm.MethodVisitor                                                 : loaded 2 times (x 107B)
Class com.google.common.base.CharMatcher$NamedFastMatcher                             : loaded 2 times (x 114B)
Class com.google.common.base.CharMatcher$1                                            : loaded 2 times (x 115B)
Class com.google.common.cache.LocalCache$EntryFactory$1                               : loaded 2 times (x 85B)
Class [Lcom.google.common.cache.RemovalListener;                                      : loaded 2 times (x 71B)
Class org.jetbrains.plugins.gradle.tooling.serialization.AnnotationProcessingModelSerializationService: loaded 2 times (x 79B)
Class com.google.common.cache.LocalCache$EntryFactory$2                               : loaded 2 times (x 85B)
Class org.jetbrains.plugins.gradle.model.DependencyAccessorsModel                     : loaded 2 times (x 72B)
Class [Lcom.intellij.openapi.externalSystem.model.project.dependencies.ResolutionState;: loaded 2 times (x 71B)
Class gnu.trove.TObjectIntHashMap                                                     : loaded 2 times (x 111B)
Class org.objectweb.asm.ModuleWriter                                                  : loaded 2 times (x 83B)
Class com.google.common.cache.LocalCache$EntryFactory$3                               : loaded 2 times (x 85B)
Class com.google.common.base.Ticker$1                                                 : loaded 2 times (x 74B)
Class com.google.common.collect.Maps$BiMapConverter                                   : loaded 2 times (x 92B)
Class com.google.common.collect.ImmutableMapEntrySet$RegularEntrySet                  : loaded 2 times (x 154B)
Class org.jetbrains.kotlin.idea.gradleTooling.KotlinMPPGradleModel                    : loaded 2 times (x 72B)
Class io.opentelemetry.context.propagation.ContextPropagators                         : loaded 2 times (x 72B)
Class com.intellij.gradle.toolingExtension.impl.model.dependencyDownloadPolicyModel.GradleDependencyDownloadPolicy: loaded 2 times (x 72B)
Class org.gradle.tooling.model.BuildIdentifier                                        : loaded 2 times (x 72B)
Class kotlin.NoWhenBranchMatchedException                                             : loaded 2 times (x 84B)
Class com.google.common.collect.ImmutableSet$Builder                                  : loaded 2 times (x 87B)
Class com.google.common.base.CharMatcher$InRange                                      : loaded 2 times (x 113B)
Class com.google.common.cache.LocalCache$EntryFactory$4                               : loaded 2 times (x 85B)
Class org.jetbrains.kotlin.idea.gradleTooling.PrepareKotlinIdeImportTaskModel         : loaded 2 times (x 72B)
Class org.gradle.tooling.model.BuildableElement                                       : loaded 2 times (x 72B)
Class org.gradle.tooling.model.HasGradleProject                                       : loaded 2 times (x 72B)
Class com.google.common.cache.LocalCache$EntryFactory$5                               : loaded 2 times (x 85B)
Class com.google.common.base.Equivalence$Identity                                     : loaded 2 times (x 84B)
Class com.google.common.cache.LocalCache$EntryFactory$6                               : loaded 2 times (x 85B)
Class org.gradle.internal.time.Timer                                                  : loaded 2 times (x 72B)
Class kotlin.jvm.internal.markers.KMappedMarker                                       : loaded 2 times (x 72B)
Class org.gradle.internal.installation.CurrentGradleInstallationLocator               : loaded 2 times (x 73B)
Class com.google.common.collect.Maps$KeySet                                           : loaded 2 times (x 139B)
Class com.google.common.collect.ImmutableSet$EmptySetBuilderImpl                      : loaded 2 times (x 78B)
Class com.google.common.cache.LocalCache$EntryFactory$7                               : loaded 2 times (x 85B)
Class com.intellij.gradle.toolingExtension.impl.telemetry.GradleOpenTelemetry         : loaded 2 times (x 74B)
Class org.gradle.tooling.model.idea.IdeaProject                                       : loaded 2 times (x 72B)
Class org.gradle.tooling.model.DomainObjectSet                                        : loaded 2 times (x 72B)
Class org.gradle.internal.service.DefaultServiceLocator                               : loaded 2 times (x 85B)
Class com.google.common.collect.ImmutableSet$SetBuilderImpl                           : loaded 2 times (x 78B)
Class com.google.common.cache.LocalCache$EntryFactory$8                               : loaded 2 times (x 85B)
Class io.opentelemetry.api.trace.SpanContextKey                                       : loaded 2 times (x 73B)
Class org.gradle.util.GradleVersion                                                   : loaded 2 times (x 83B)
Class org.gradle.internal.installation.CurrentGradleInstallation                      : loaded 2 times (x 75B)
Class com.google.common.collect.ImmutableList$SubList                                 : loaded 2 times (x 211B)
Class com.google.common.cache.CacheLoader$1                                           : loaded 2 times (x 77B)
Class org.jetbrains.plugins.gradle.javaModel.JavaGradleManifestModel                  : loaded 2 times (x 72B)
Class org.jetbrains.plugins.gradle.tooling.serialization.GradleExtensionsSerializationService$WriteContext: loaded 2 times (x 74B)
Class com.intellij.gradle.toolingExtension.impl.model.taskModel.GradleTaskSerialisationService$Companion: loaded 2 times (x 73B)
Class org.gradle.tooling.model.gradle.ProjectPublications                             : loaded 2 times (x 72B)
Class org.gradle.util.internal.GUtil                                                  : loaded 2 times (x 73B)
Class com.google.common.cache.AbstractCache$StatsCounter                              : loaded 2 times (x 72B)
Class io.opentelemetry.api.trace.TraceId                                              : loaded 2 times (x 73B)
Class com.intellij.gradle.toolingExtension.impl.model.utilTurnOffDefaultTasksModel.TurnOffDefaultTasks: loaded 2 times (x 72B)
Class com.intellij.gradle.toolingExtension.impl.model.sourceSetModel.GradleSourceSetSerialisationService$SourceSetModelReadContext: loaded 2 times (x 74B)
Class kotlin.collections.CollectionsKt                                                : loaded 2 times (x 73B)
Class com.google.common.base.PairwiseEquivalence                                      : loaded 2 times (x 85B)
Class com.google.common.collect.RegularImmutableSet                                   : loaded 2 times (x 150B)
Class io.opentelemetry.api.internal.ImmutableSpanContext                              : loaded 2 times (x 93B)
Class com.intellij.gradle.toolingExtension.impl.model.sourceSetModel.GradleSourceSetSerialisationService$SourceSetModelWriteContext: loaded 2 times (x 74B)
Class org.gradle.tooling.internal.adapter.ProtocolToModelAdapter$1                    : loaded 2 times (x 77B)
Class org.gradle.tooling.internal.adapter.ProtocolToModelAdapter$ViewDecoration       : loaded 2 times (x 72B)
Class org.gradle.internal.installation.GradleInstallation                             : loaded 2 times (x 77B)
Class com.google.common.collect.Iterables                                             : loaded 2 times (x 73B)
Class io.opentelemetry.api.trace.DefaultTracer                                        : loaded 2 times (x 76B)
Class org.jetbrains.plugins.gradle.tooling.serialization.GradleExtensionsSerializationService$ReadContext: loaded 2 times (x 74B)
Class org.gradle.tooling.internal.adapter.MethodInvoker                               : loaded 2 times (x 72B)
Class org.jetbrains.plugins.gradle.tooling.serialization.RepositoriesModelSerializationService$WriteContext: loaded 2 times (x 74B)

---------------  S Y S T E M  ---------------

OS:
 Windows 11 , 64 bit Build 22621 (10.0.22621.3371)
OS uptime: 6 days 17:45 hours
Hyper-V role detected

CPU: total 6 (initial active 6) (6 cores per cpu, 1 threads per core) family 6 model 158 stepping 10 microcode 0xde, cx8, cmov, fxsr, mmx, 3dnowpref, sse, sse2, sse3, ssse3, sse4.1, sse4.2, popcnt, lzcnt, tsc, tscinvbit, avx, avx2, aes, erms, clmul, bmi1, bmi2, adx, fma, vzeroupper, clflush, clflushopt, hv, rdtscp, f16c
Processor Information for the first 6 processors :
  Max Mhz: 2904, Current Mhz: 2904, Mhz Limit: 2904

Memory: 4k page, system-wide physical 16316M (381M free)
TotalPageFile size 32700M (AvailPageFile size 66M)
current process WorkingSet (physical memory assigned to process): 481M, peak: 481M
current process commit charge ("private bytes"): 517M, peak: 525M

vm_info: OpenJDK 64-Bit Server VM (25.0.2+-15348964-b329.117) for windows-amd64 JRE (25.0.2+-15348964-b329.117), built on 2026-05-05T18:25:19Z with MS VC++ 16.10 / 16.11 (VS2019)

END.
